Line,Shot,Time,Min feather,Max feather,Avg feather
2761,4128,1251960108,-0.07,0.02,-0.01
2761,4127,1251960113,-0.07,0.02,-0.02
2761,4126,1251960119,-0.07,0.01,-0.02
2761,4125,1251960124,-0.07,0.01,-0.02
2761,4124,1251960130,-0.08,0.01,-0.02
2761,4123,1251960135,-0.08,0.01,-0.03
2761,4122,1251960141,-0.08,0.00,-0.03
2761,4121,1251960146,-0.08,-0.00,-0.03
2761,4120,1251960152,-0.08,-0.00,-0.03
2761,4119,1251960157,-0.08,-0.01,-0.04
2761,4118,1251960163,-0.08,-0.01,-0.04
2761,4117,1251960168,-0.09,-0.02,-0.04
2761,4116,1251960174,-0.09,-0.02,-0.05
2761,4115,1251960179,-0.09,-0.02,-0.05
2761,4114,1251960185,-0.09,-0.02,-0.05
2761,4113,1251960190,-0.10,-0.02,-0.06
2761,4112,1251960196,-0.10,-0.02,-0.06
2761,4111,1251960201,-0.10,-0.03,-0.06
2761,4110,1251960207,-0.11,-0.03,-0.07
2761,4109,1251960212,-0.11,-0.03,-0.07
2761,4108,1251960218,-0.11,-0.04,-0.07
2761,4107,1251960223,-0.12,-0.04,-0.08
2761,4106,1251960229,-0.12,-0.04,-0.08
2761,4105,1251960234,-0.12,-0.04,-0.08
2761,4104,1251960240,-0.12,-0.04,-0.08
2761,4103,1251960245,-0.13,-0.05,-0.08
2761,4102,1251960251,-0.13,-0.05,-0.09
2761,4101,1251960256,-0.13,-0.05,-0.09
2761,4100,1251960262,-0.13,-0.05,-0.09
2761,4099,1251960267,-0.14,-0.05,-0.09
2761,4098,1251960273,-0.14,-0.05,-0.10
2761,4097,1251960278,-0.14,-0.06,-0.10
2761,4096,1251960284,-0.14,-0.06,-0.10
2761,4095,1251960289,-0.14,-0.06,-0.10
2761,4094,1251960295,-0.14,-0.06,-0.10
2761,4093,1251960300,-0.15,-0.06,-0.11
2761,4092,1251960306,-0.15,-0.06,-0.11
2761,4091,1251960311,-0.15,-0.07,-0.11
2761,4090,1251960317,-0.15,-0.07,-0.11
2761,4089,1251960322,-0.15,-0.07,-0.11
2761,4088,1251960328,-0.15,-0.07,-0.11
2761,4087,1251960333,-0.16,-0.07,-0.11
2761,4086,1251960339,-0.16,-0.07,-0.12
2761,4085,1251960344,-0.16,-0.07,-0.12
2761,4084,1251960350,-0.16,-0.07,-0.12
2761,4083,1251960355,-0.16,-0.07,-0.12
2761,4082,1251960361,-0.17,-0.07,-0.12
2761,4081,1251960366,-0.17,-0.07,-0.12
2761,4080,1251960372,-0.17,-0.07,-0.12
2761,4079,1251960377,-0.17,-0.07,-0.12
2761,4078,1251960383,-0.17,-0.07,-0.12
2761,4077,1251960388,-0.17,-0.08,-0.13
2761,4076,1251960394,-0.17,-0.08,-0.13
2761,4075,1251960399,-0.17,-0.08,-0.13
2761,4074,1251960405,-0.18,-0.08,-0.13
2761,4073,1251960410,-0.18,-0.08,-0.13
2761,4072,1251960416,-0.18,-0.08,-0.13
2761,3974,1251960955,-0.27,-0.17,-0.21
2761,3973,1251960960,-0.27,-0.17,-0.21
2761,3972,1251960966,-0.27,-0.17,-0.21
2761,3971,1251960971,-0.27,-0.18,-0.21
2761,3970,1251960977,-0.27,-0.18,-0.21
2761,3969,1251960982,-0.27,-0.18,-0.21
2761,3968,1251960988,-0.27,-0.18,-0.21
2761,3967,1251960993,-0.27,-0.18,-0.21
2761,3966,1251960999,-0.27,-0.18,-0.21
2761,3965,1251961004,-0.27,-0.18,-0.21
2761,3964,1251961010,-0.27,-0.18,-0.21
2761,3963,1251961015,-0.27,-0.18,-0.21
2761,3962,1251961021,-0.27,-0.18,-0.21
2761,3961,1251961026,-0.27,-0.18,-0.21
2761,3960,1251961032,-0.27,-0.18,-0.21
2761,3959,1251961037,-0.27,-0.18,-0.21
2761,3958,1251961043,-0.27,-0.18,-0.21
2761,3957,1251961048,-0.27,-0.18,-0.21
2761,3956,1251961054,-0.26,-0.18,-0.21
2761,3955,1251961059,-0.26,-0.18,-0.21
2761,3954,1251961065,-0.26,-0.18,-0.22
2761,3953,1251961070,-0.26,-0.18,-0.22
2761,3952,1251961076,-0.26,-0.18,-0.22
2761,3951,1251961081,-0.26,-0.18,-0.22
2761,3950,1251961087,-0.26,-0.18,-0.22
2761,3949,1251961092,-0.26,-0.18,-0.22
2761,3948,1251961098,-0.26,-0.18,-0.22
2761,3947,1251961103,-0.26,-0.18,-0.22
2761,3946,1251961109,-0.26,-0.18,-0.22
2761,3945,1251961114,-0.26,-0.19,-0.22
2761,3944,1251961120,-0.26,-0.19,-0.22
2761,3943,1251961125,-0.26,-0.19,-0.22
2761,3942,1251961131,-0.26,-0.19,-0.22
2761,3941,1251961136,-0.26,-0.19,-0.22
2761,3940,1251961141,-0.26,-0.19,-0.22
2761,3939,1251961147,-0.26,-0.19,-0.22
2761,3938,1251961152,-0.26,-0.19,-0.22
2761,3937,1251961158,-0.26,-0.19,-0.22
2761,3936,1251961163,-0.26,-0.19,-0.22
2761,3935,1251961169,-0.26,-0.19,-0.22
2761,3934,1251961174,-0.26,-0.19,-0.22
2761,3933,1251961180,-0.26,-0.19,-0.22
2761,3932,1251961185,-0.26,-0.19,-0.22
2761,3931,1251961191,-0.26,-0.19,-0.22
2761,3930,1251961196,-0.26,-0.19,-0.22
2761,3929,1251961202,-0.26,-0.19,-0.22
2761,3928,1251961207,-0.26,-0.19,-0.22
2761,3927,1251961213,-0.26,-0.19,-0.22
2761,3926,1251961218,-0.26,-0.19,-0.22
2761,3925,1251961224,-0.26,-0.19,-0.22
2761,3924,1251961229,-0.26,-0.19,-0.22
2761,3923,1251961235,-0.26,-0.19,-0.22
2761,3922,1251961240,-0.27,-0.19,-0.23
2761,3921,1251961245,-0.27,-0.19,-0.23
2761,3920,1251961251,-0.27,-0.19,-0.23
2761,3919,1251961256,-0.27,-0.20,-0.23
2761,3918,1251961262,-0.27,-0.20,-0.23
2761,3917,1251961267,-0.27,-0.20,-0.23
2761,3916,1251961273,-0.27,-0.20,-0.23
2761,3915,1251961279,-0.27,-0.20,-0.23
2761,3914,1251961284,-0.27,-0.20,-0.23
2761,3913,1251961290,-0.27,-0.20,-0.23
2761,3912,1251961295,-0.27,-0.20,-0.23
2761,3911,1251961301,-0.27,-0.20,-0.23
2761,3910,1251961306,-0.27,-0.21,-0.23
2761,3909,1251961312,-0.27,-0.21,-0.23
2761,3908,1251961317,-0.27,-0.21,-0.23
2761,3907,1251961323,-0.27,-0.21,-0.23
2761,3906,1251961328,-0.27,-0.21,-0.24
2761,3905,1251961334,-0.27,-0.21,-0.24
2761,3904,1251961339,-0.27,-0.21,-0.24
2761,3903,1251961345,-0.27,-0.21,-0.24
2761,3902,1251961350,-0.28,-0.21,-0.24
2761,3901,1251961356,-0.28,-0.21,-0.24
2761,3900,1251961361,-0.28,-0.21,-0.24
2761,3899,1251961367,-0.28,-0.22,-0.24
2761,3898,1251961372,-0.28,-0.22,-0.24
2761,3897,1251961378,-0.27,-0.21,-0.24
2761,3896,1251961383,-0.27,-0.21,-0.24
2761,3895,1251961389,-0.27,-0.21,-0.24
2761,3894,1251961394,-0.27,-0.21,-0.24
2761,3893,1251961400,-0.27,-0.22,-0.24
2761,3892,1251961405,-0.27,-0.22,-0.24
2761,3891,1251961411,-0.28,-0.22,-0.24
2761,3890,1251961416,-0.28,-0.22,-0.24
2761,3889,1251961422,-0.28,-0.22,-0.24
2761,3888,1251961427,-0.28,-0.22,-0.24
2761,3887,1251961433,-0.28,-0.22,-0.24
2761,3886,1251961438,-0.28,-0.22,-0.24
2761,3885,1251961444,-0.28,-0.22,-0.24
2761,3884,1251961449,-0.28,-0.22,-0.24
2761,3883,1251961455,-0.28,-0.22,-0.24
2761,3882,1251961460,-0.28,-0.22,-0.24
2761,3881,1251961466,-0.28,-0.22,-0.24
2761,3880,1251961471,-0.28,-0.22,-0.24
2761,3879,1251961477,-0.28,-0.22,-0.24
2761,3878,1251961482,-0.28,-0.21,-0.24
2761,3877,1251961488,-0.28,-0.21,-0.24
2761,3876,1251961493,-0.28,-0.21,-0.24
2761,3875,1251961499,-0.28,-0.21,-0.24
2761,3874,1251961504,-0.28,-0.21,-0.24
2761,3873,1251961510,-0.28,-0.21,-0.24
2761,3872,1251961515,-0.28,-0.21,-0.24
2761,3871,1251961521,-0.28,-0.21,-0.24
2761,3870,1251961526,-0.28,-0.21,-0.24
2761,3869,1251961532,-0.28,-0.21,-0.24
2761,3868,1251961537,-0.28,-0.21,-0.24
2761,3867,1251961543,-0.28,-0.21,-0.24
2761,3866,1251961548,-0.28,-0.21,-0.24
2761,3865,1251961554,-0.28,-0.21,-0.25
2761,3864,1251961560,-0.28,-0.22,-0.25
2761,3863,1251961565,-0.28,-0.22,-0.25
2761,3862,1251961570,-0.29,-0.22,-0.25
2761,3861,1251961576,-0.29,-0.22,-0.25
2761,3860,1251961582,-0.29,-0.22,-0.25
2761,3859,1251961587,-0.29,-0.22,-0.25
2761,3858,1251961593,-0.29,-0.22,-0.25
2761,3857,1251961598,-0.29,-0.21,-0.25
2761,3856,1251961604,-0.29,-0.21,-0.25
2761,3855,1251961609,-0.29,-0.21,-0.25
2761,3854,1251961615,-0.29,-0.21,-0.25
2761,3853,1251961620,-0.29,-0.21,-0.25
2761,3852,1251961626,-0.29,-0.21,-0.25
2761,3851,1251961631,-0.29,-0.21,-0.25
2761,3850,1251961637,-0.29,-0.21,-0.25
2761,3849,1251961642,-0.30,-0.21,-0.25
2761,3848,1251961648,-0.30,-0.21,-0.25
2761,3847,1251961653,-0.30,-0.21,-0.25
2761,3846,1251961659,-0.30,-0.21,-0.25
2761,3845,1251961664,-0.30,-0.21,-0.25
2761,3844,1251961670,-0.30,-0.21,-0.25
2761,3843,1251961676,-0.30,-0.21,-0.25
2761,3842,1251961681,-0.30,-0.21,-0.25
2761,3841,1251961687,-0.30,-0.21,-0.25
2761,3840,1251961692,-0.30,-0.21,-0.25
2761,3839,1251961698,-0.30,-0.21,-0.25
2761,3838,1251961703,-0.30,-0.21,-0.25
2761,3837,1251961709,-0.30,-0.21,-0.25
2761,3836,1251961714,-0.30,-0.21,-0.25
2761,3835,1251961720,-0.30,-0.21,-0.25
2761,3834,1251961725,-0.30,-0.21,-0.25
2761,3833,1251961731,-0.30,-0.21,-0.25
2761,3832,1251961736,-0.31,-0.21,-0.25
2761,3831,1251961742,-0.31,-0.21,-0.25
2761,3830,1251961747,-0.31,-0.21,-0.25
2761,3829,1251961753,-0.31,-0.21,-0.25
2761,3828,1251961758,-0.31,-0.21,-0.25
2761,3827,1251961764,-0.31,-0.21,-0.25
2761,3826,1251961769,-0.31,-0.21,-0.25
2761,3825,1251961775,-0.31,-0.21,-0.25
2761,3824,1251961780,-0.31,-0.21,-0.25
2761,3823,1251961786,-0.31,-0.21,-0.25
2761,3822,1251961791,-0.31,-0.21,-0.26
2761,3821,1251961797,-0.31,-0.21,-0.26
2761,3820,1251961802,-0.31,-0.21,-0.26
2761,3819,1251961808,-0.32,-0.21,-0.26
2761,3818,1251961813,-0.32,-0.21,-0.26
2761,3817,1251961819,-0.32,-0.21,-0.26
2761,3816,1251961824,-0.32,-0.21,-0.26
2761,3815,1251961830,-0.32,-0.22,-0.26
2761,3814,1251961835,-0.32,-0.22,-0.26
2761,3813,1251961841,-0.32,-0.22,-0.26
2761,3812,1251961846,-0.32,-0.22,-0.26
2761,3811,1251961852,-0.32,-0.22,-0.26
2761,3810,1251961857,-0.33,-0.22,-0.26
2761,3809,1251961863,-0.33,-0.22,-0.26
2761,3808,1251961868,-0.33,-0.22,-0.26
2761,3807,1251961874,-0.33,-0.22,-0.26
2761,3806,1251961880,-0.33,-0.23,-0.27
2761,3805,1251961885,-0.33,-0.23,-0.27
2761,3804,1251961891,-0.33,-0.23,-0.27
2761,3803,1251961896,-0.33,-0.23,-0.27
2761,3802,1251961902,-0.33,-0.23,-0.27
2761,3801,1251961907,-0.33,-0.23,-0.27
2761,3800,1251961913,-0.33,-0.23,-0.27
2761,3799,1251961918,-0.33,-0.23,-0.27
2761,3798,1251961924,-0.33,-0.23,-0.27
2761,3797,1251961929,-0.33,-0.23,-0.27
2761,3796,1251961935,-0.33,-0.23,-0.27
2761,3795,1251961941,-0.33,-0.23,-0.27
2761,3794,1251961946,-0.33,-0.23,-0.27
2761,3793,1251961952,-0.33,-0.23,-0.27
2761,3792,1251961957,-0.33,-0.23,-0.27
2761,3791,1251961963,-0.33,-0.23,-0.27
2761,3790,1251961968,-0.33,-0.23,-0.27
2761,3789,1251961974,-0.34,-0.23,-0.27
2761,3788,1251961979,-0.34,-0.23,-0.27
2761,3787,1251961985,-0.34,-0.23,-0.27
2761,3786,1251961990,-0.34,-0.23,-0.27
2761,3785,1251961996,-0.34,-0.23,-0.27
2761,3784,1251962001,-0.34,-0.23,-0.27
2761,3783,1251962007,-0.34,-0.23,-0.27
2761,3782,1251962012,-0.34,-0.23,-0.27
2761,3781,1251962018,-0.34,-0.23,-0.27
2761,3780,1251962023,-0.34,-0.23,-0.27
2761,3779,1251962029,-0.34,-0.23,-0.27
2761,3778,1251962034,-0.34,-0.23,-0.27
2761,3777,1251962040,-0.34,-0.23,-0.27
2761,3776,1251962045,-0.34,-0.23,-0.26
2761,3775,1251962051,-0.34,-0.23,-0.26
2761,3774,1251962056,-0.34,-0.22,-0.26
2761,3773,1251962062,-0.34,-0.22,-0.26
2761,3772,1251962067,-0.34,-0.22,-0.26
2761,3771,1251962073,-0.34,-0.22,-0.26
2761,3770,1251962078,-0.34,-0.22,-0.26
2761,3769,1251962084,-0.34,-0.22,-0.26
2761,3768,1251962089,-0.34,-0.22,-0.26
2761,3767,1251962095,-0.34,-0.22,-0.26
2761,3766,1251962100,-0.34,-0.22,-0.26
2761,3765,1251962106,-0.34,-0.22,-0.26
2761,3764,1251962111,-0.34,-0.22,-0.26
2761,3763,1251962117,-0.34,-0.22,-0.26
2761,3762,1251962122,-0.34,-0.22,-0.26
2761,3761,1251962128,-0.34,-0.22,-0.26
2761,3760,1251962133,-0.34,-0.22,-0.26
2761,3759,1251962139,-0.34,-0.22,-0.26
2761,3758,1251962144,-0.34,-0.22,-0.26
2761,3757,1251962150,-0.34,-0.22,-0.26
2761,3756,1251962155,-0.34,-0.22,-0.26
2761,3755,1251962161,-0.35,-0.22,-0.26
2761,3754,1251962166,-0.35,-0.22,-0.26
2761,3753,1251962171,-0.35,-0.22,-0.26
2761,3752,1251962177,-0.35,-0.22,-0.26
2761,3751,1251962182,-0.35,-0.22,-0.26
2761,3750,1251962188,-0.35,-0.22,-0.26
2761,3749,1251962193,-0.35,-0.22,-0.26
2761,3748,1251962199,-0.35,-0.22,-0.26
2761,3747,1251962204,-0.35,-0.23,-0.26
2761,3746,1251962209,-0.35,-0.23,-0.26
2761,3745,1251962215,-0.35,-0.23,-0.26
2761,3744,1251962221,-0.35,-0.23,-0.27
2761,3743,1251962226,-0.35,-0.23,-0.27
2761,3742,1251962231,-0.35,-0.23,-0.27
2761,3741,1251962237,-0.36,-0.23,-0.27
2761,3740,1251962242,-0.36,-0.23,-0.27
2761,3739,1251962248,-0.36,-0.23,-0.27
2761,3738,1251962254,-0.36,-0.24,-0.27
2761,3737,1251962259,-0.36,-0.24,-0.27
2761,3736,1251962265,-0.36,-0.24,-0.28
2761,3735,1251962270,-0.36,-0.24,-0.28
2761,3734,1251962276,-0.36,-0.24,-0.28
2761,3733,1251962281,-0.36,-0.24,-0.28
2761,3732,1251962287,-0.37,-0.24,-0.28
2761,3731,1251962292,-0.37,-0.25,-0.28
2761,3730,1251962298,-0.37,-0.25,-0.28
2761,3729,1251962304,-0.37,-0.25,-0.28
2761,3728,1251962309,-0.37,-0.25,-0.28
2761,3727,1251962315,-0.37,-0.25,-0.28
2761,3726,1251962320,-0.37,-0.25,-0.29
2761,3725,1251962326,-0.37,-0.25,-0.29
2761,3724,1251962331,-0.37,-0.25,-0.29
2761,3723,1251962337,-0.37,-0.25,-0.29
2761,3722,1251962342,-0.37,-0.25,-0.29
2761,3721,1251962348,-0.37,-0.25,-0.29
2761,3720,1251962354,-0.37,-0.26,-0.29
2761,3719,1251962359,-0.37,-0.26,-0.29
2761,3718,1251962365,-0.38,-0.26,-0.29
2761,3717,1251962370,-0.38,-0.26,-0.29
2761,3716,1251962376,-0.38,-0.26,-0.30
2761,3715,1251962381,-0.38,-0.26,-0.30
2761,3714,1251962387,-0.38,-0.26,-0.30
2761,3713,1251962393,-0.38,-0.26,-0.30
2761,3712,1251962398,-0.38,-0.26,-0.30
2761,3711,1251962404,-0.38,-0.26,-0.30
2761,3710,1251962409,-0.38,-0.26,-0.30
2761,3709,1251962415,-0.38,-0.26,-0.30
2761,3708,1251962420,-0.38,-0.26,-0.30
2761,3707,1251962426,-0.38,-0.26,-0.30
2761,3706,1251962431,-0.39,-0.27,-0.30
2761,3705,1251962437,-0.39,-0.27,-0.30
2761,3704,1251962442,-0.39,-0.27,-0.30
2761,3703,1251962448,-0.39,-0.27,-0.30
2761,3702,1251962453,-0.39,-0.27,-0.30
2761,3701,1251962459,-0.39,-0.27,-0.30
2761,3700,1251962464,-0.39,-0.27,-0.30
2761,3699,1251962470,-0.39,-0.27,-0.30
2761,3698,1251962475,-0.39,-0.27,-0.30
2761,3697,1251962481,-0.39,-0.27,-0.30
2761,3696,1251962486,-0.39,-0.27,-0.30
2761,3695,1251962492,-0.39,-0.27,-0.30
2761,3694,1251962497,-0.39,-0.27,-0.30
2761,3693,1251962503,-0.39,-0.27,-0.30
2761,3692,1251962508,-0.39,-0.26,-0.30
2761,3691,1251962514,-0.39,-0.26,-0.30
2761,3690,1251962519,-0.39,-0.26,-0.30
2761,3689,1251962525,-0.39,-0.26,-0.30
2761,3688,1251962530,-0.39,-0.26,-0.30
2761,3687,1251962536,-0.39,-0.26,-0.30
2761,3686,1251962541,-0.39,-0.26,-0.30
2761,3685,1251962547,-0.39,-0.26,-0.30
2761,3684,1251962552,-0.39,-0.26,-0.30
2761,3683,1251962558,-0.39,-0.26,-0.30
2761,3682,1251962563,-0.39,-0.26,-0.30
2761,3681,1251962569,-0.39,-0.26,-0.30
2761,3680,1251962574,-0.39,-0.26,-0.30
2761,3679,1251962580,-0.39,-0.26,-0.30
2761,3678,1251962585,-0.39,-0.26,-0.30
2761,3677,1251962590,-0.39,-0.26,-0.30
2761,3676,1251962596,-0.39,-0.26,-0.30
2761,3675,1251962601,-0.39,-0.27,-0.30
2761,3674,1251962607,-0.39,-0.27,-0.30
2761,3673,1251962612,-0.39,-0.27,-0.30
2761,3672,1251962618,-0.39,-0.27,-0.30
2761,3671,1251962623,-0.39,-0.27,-0.30
2761,3670,1251962629,-0.39,-0.27,-0.30
2761,3669,1251962634,-0.39,-0.27,-0.30
2761,3668,1251962640,-0.39,-0.27,-0.30
2761,3667,1251962645,-0.39,-0.27,-0.30
2761,3666,1251962651,-0.39,-0.27,-0.30
2761,3665,1251962656,-0.39,-0.27,-0.30
2761,3664,1251962662,-0.39,-0.27,-0.30
2761,3663,1251962667,-0.39,-0.26,-0.30
2761,3662,1251962673,-0.39,-0.26,-0.30
2761,3661,1251962679,-0.38,-0.26,-0.30
2761,3660,1251962684,-0.38,-0.26,-0.30
2761,3659,1251962690,-0.38,-0.26,-0.30
2761,3658,1251962695,-0.38,-0.26,-0.30
2761,3657,1251962701,-0.38,-0.26,-0.30
2761,3656,1251962706,-0.38,-0.26,-0.30
2761,3655,1251962712,-0.38,-0.26,-0.30
2761,3654,1251962717,-0.38,-0.26,-0.30
2761,3653,1251962723,-0.38,-0.26,-0.30
2761,3652,1251962728,-0.38,-0.26,-0.29
2761,3651,1251962734,-0.37,-0.25,-0.29
2761,3650,1251962739,-0.37,-0.25,-0.29
2761,3649,1251962745,-0.37,-0.25,-0.29
2761,3648,1251962750,-0.37,-0.25,-0.29
2761,3647,1251962756,-0.37,-0.25,-0.29
2761,3646,1251962762,-0.37,-0.25,-0.29
2761,3645,1251962767,-0.36,-0.24,-0.29
2761,3644,1251962773,-0.36,-0.24,-0.29
2761,3643,1251962778,-0.36,-0.24,-0.28
2761,3642,1251962784,-0.36,-0.24,-0.28
2761,3641,1251962789,-0.36,-0.23,-0.28
2761,3640,1251962795,-0.35,-0.23,-0.28
2761,3639,1251962800,-0.35,-0.23,-0.28
2761,3638,1251962806,-0.35,-0.22,-0.28
2761,3637,1251962811,-0.35,-0.22,-0.27
2761,3636,1251962817,-0.35,-0.22,-0.27
2761,3635,1251962823,-0.35,-0.22,-0.27
2761,3634,1251962828,-0.34,-0.21,-0.27
2761,3633,1251962834,-0.34,-0.21,-0.27
2761,3632,1251962839,-0.34,-0.21,-0.26
2761,3631,1251962845,-0.34,-0.20,-0.26
2761,3630,1251962850,-0.33,-0.20,-0.26
2761,3629,1251962856,-0.33,-0.19,-0.26
2761,3628,1251962861,-0.33,-0.19,-0.26
2761,3627,1251962867,-0.32,-0.19,-0.25
2761,3626,1251962872,-0.32,-0.18,-0.25
2761,3625,1251962878,-0.32,-0.18,-0.25
2761,3624,1251962883,-0.31,-0.18,-0.24
2761,3623,1251962889,-0.31,-0.17,-0.24
2761,3622,1251962895,-0.31,-0.17,-0.24
2761,3621,1251962900,-0.30,-0.17,-0.24
2761,3620,1251962906,-0.30,-0.16,-0.24
2761,3619,1251962911,-0.30,-0.16,-0.23
2761,3618,1251962917,-0.30,-0.16,-0.23
2761,3617,1251962922,-0.30,-0.16,-0.23
2761,3616,1251962928,-0.29,-0.16,-0.23
2761,3615,1251962933,-0.29,-0.16,-0.22
2761,3614,1251962939,-0.29,-0.15,-0.22
2761,3613,1251962945,-0.29,-0.15,-0.22
2761,3612,1251962950,-0.29,-0.15,-0.22
2761,3611,1251962956,-0.28,-0.15,-0.22
2761,3610,1251962961,-0.28,-0.15,-0.21
2761,3609,1251962967,-0.28,-0.15,-0.21
2761,3608,1251962972,-0.28,-0.15,-0.21
2761,3607,1251962978,-0.27,-0.15,-0.21
2761,3606,1251962983,-0.27,-0.15,-0.21
2761,3605,1251962989,-0.27,-0.15,-0.20
2761,3604,1251962995,-0.27,-0.15,-0.20
2761,3603,1251963000,-0.27,-0.14,-0.20
2761,3602,1251963006,-0.26,-0.14,-0.20
2761,3601,1251963011,-0.26,-0.14,-0.20
2761,3600,1251963017,-0.26,-0.14,-0.19
2761,3599,1251963022,-0.26,-0.14,-0.19
2761,3598,1251963028,-0.25,-0.14,-0.19
2761,3597,1251963034,-0.25,-0.13,-0.19
2761,3596,1251963039,-0.25,-0.13,-0.18
2761,3595,1251963045,-0.24,-0.13,-0.18
2761,3594,1251963050,-0.24,-0.13,-0.18
2761,3593,1251963056,-0.24,-0.12,-0.18
2761,3592,1251963061,-0.23,-0.12,-0.17
2761,3591,1251963067,-0.23,-0.12,-0.17
2761,3590,1251963072,-0.22,-0.11,-0.17
2761,3589,1251963078,-0.22,-0.11,-0.16
2761,3588,1251963084,-0.21,-0.11,-0.16
2761,3587,1251963089,-0.21,-0.10,-0.16
2761,3586,1251963095,-0.20,-0.10,-0.16
2761,3585,1251963100,-0.20,-0.09,-0.15
2761,3584,1251963106,-0.19,-0.09,-0.15
2761,3583,1251963111,-0.19,-0.09,-0.15
2761,3582,1251963117,-0.18,-0.08,-0.14
2761,3581,1251963123,-0.18,-0.08,-0.14
2761,3580,1251963128,-0.18,-0.07,-0.14
2761,3579,1251963134,-0.18,-0.07,-0.13
2761,3578,1251963139,-0.17,-0.06,-0.13
2761,3577,1251963145,-0.17,-0.06,-0.13
2761,3576,1251963150,-0.17,-0.06,-0.13
2761,3575,1251963156,-0.16,-0.05,-0.12
2761,3574,1251963161,-0.16,-0.05,-0.12
2761,3573,1251963167,-0.16,-0.04,-0.12
2761,3572,1251963173,-0.16,-0.04,-0.12
2761,3571,1251963178,-0.16,-0.04,-0.12
2761,3570,1251963184,-0.15,-0.03,-0.11
2761,3569,1251963189,-0.15,-0.03,-0.11
2761,3568,1251963195,-0.15,-0.03,-0.11
2761,3567,1251963200,-0.15,-0.03,-0.11
2761,3566,1251963206,-0.15,-0.03,-0.11
2761,3565,1251963211,-0.14,-0.02,-0.11
2761,3564,1251963217,-0.14,-0.02,-0.10
2761,3563,1251963222,-0.14,-0.02,-0.10
2761,3562,1251963228,-0.14,-0.02,-0.10
2761,3561,1251963234,-0.13,-0.02,-0.10
2761,3560,1251963239,-0.13,-0.02,-0.10
2761,3559,1251963245,-0.13,-0.02,-0.10
2761,3558,1251963250,-0.13,-0.02,-0.10
2761,3557,1251963256,-0.13,-0.02,-0.09
2761,3556,1251963261,-0.13,-0.01,-0.09
2761,3555,1251963267,-0.13,-0.01,-0.09
2761,3554,1251963272,-0.12,-0.01,-0.09
2761,3553,1251963278,-0.12,-0.01,-0.09
2761,3552,1251963284,-0.12,-0.01,-0.09
2761,3551,1251963289,-0.12,-0.01,-0.09
2761,3550,1251963295,-0.12,-0.01,-0.09
2761,3549,1251963300,-0.12,-0.01,-0.09
2761,3548,1251963306,-0.12,-0.01,-0.09
2761,3547,1251963311,-0.12,-0.01,-0.09
2761,3546,1251963317,-0.12,-0.02,-0.09
2761,3545,1251963322,-0.12,-0.02,-0.09
2761,3544,1251963328,-0.12,-0.02,-0.09
2761,3543,1251963333,-0.12,-0.02,-0.09
2761,3542,1251963339,-0.12,-0.02,-0.09
2761,3541,1251963344,-0.12,-0.02,-0.09
2761,3540,1251963350,-0.12,-0.02,-0.09
2761,3539,1251963355,-0.12,-0.02,-0.09
2761,3538,1251963361,-0.12,-0.02,-0.09
2761,3537,1251963366,-0.12,-0.02,-0.09
2761,3536,1251963372,-0.12,-0.02,-0.09
2761,3535,1251963378,-0.12,-0.02,-0.09
2761,3534,1251963383,-0.12,-0.02,-0.09
2761,3533,1251963389,-0.13,-0.03,-0.09
2761,3532,1251963394,-0.13,-0.03,-0.09
2761,3531,1251963400,-0.13,-0.03,-0.09
2761,3530,1251963405,-0.13,-0.03,-0.09
2761,3512,1251963504,-0.18,-0.07,-0.11
2761,3511,1251963510,-0.18,-0.07,-0.11
2761,3510,1251963515,-0.19,-0.07,-0.11
2761,3509,1251963521,-0.19,-0.07,-0.12
2761,3508,1251963526,-0.19,-0.07,-0.12
2761,3507,1251963532,-0.19,-0.08,-0.12
2761,3506,1251963537,-0.20,-0.08,-0.12
2761,3505,1251963543,-0.20,-0.08,-0.12
2761,3504,1251963548,-0.20,-0.08,-0.12
2761,3503,1251963554,-0.21,-0.08,-0.12
2761,3502,1251963559,-0.21,-0.08,-0.13
2761,3501,1251963565,-0.21,-0.09,-0.13
2761,3500,1251963570,-0.21,-0.09,-0.13
2761,3499,1251963576,-0.22,-0.09,-0.13
2761,3498,1251963581,-0.22,-0.09,-0.13
2761,3497,1251963587,-0.22,-0.09,-0.13
2761,3496,1251963592,-0.22,-0.09,-0.14
2761,3495,1251963598,-0.23,-0.09,-0.14
2761,3494,1251963603,-0.23,-0.10,-0.14
2761,3493,1251963609,-0.23,-0.10,-0.14
2761,3492,1251963614,-0.23,-0.10,-0.14
2761,3491,1251963620,-0.24,-0.10,-0.15
2761,3490,1251963625,-0.24,-0.10,-0.15
2761,3489,1251963631,-0.24,-0.10,-0.15
2761,3488,1251963636,-0.24,-0.11,-0.15
2761,3487,1251963642,-0.25,-0.11,-0.15
2761,3486,1251963647,-0.25,-0.11,-0.15
2761,3485,1251963653,-0.25,-0.11,-0.16
2761,3484,1251963658,-0.25,-0.11,-0.16
2761,3483,1251963663,-0.26,-0.11,-0.16
2761,3482,1251963669,-0.26,-0.12,-0.16
2761,3481,1251963674,-0.26,-0.12,-0.16
2761,3480,1251963680,-0.27,-0.12,-0.17
2761,3479,1251963685,-0.27,-0.12,-0.17
2761,3478,1251963691,-0.27,-0.13,-0.17
2761,3477,1251963696,-0.28,-0.13,-0.17
2761,3476,1251963702,-0.28,-0.13,-0.17
2761,3475,1251963707,-0.28,-0.13,-0.18
2761,3474,1251963713,-0.28,-0.13,-0.18
2761,3473,1251963718,-0.28,-0.14,-0.18
2761,3472,1251963724,-0.29,-0.14,-0.18
2761,3471,1251963729,-0.29,-0.14,-0.18
2761,3470,1251963735,-0.29,-0.14,-0.19
2761,3469,1251963740,-0.29,-0.14,-0.19
2761,3468,1251963746,-0.30,-0.14,-0.19
2761,3467,1251963751,-0.30,-0.15,-0.19
2761,3466,1251963757,-0.30,-0.15,-0.20
2761,3465,1251963762,-0.30,-0.15,-0.20
2761,3358,1251964348,-0.45,-0.34,-0.40
2761,3357,1251964353,-0.45,-0.34,-0.40
2761,3356,1251964359,-0.45,-0.34,-0.40
2761,3355,1251964364,-0.45,-0.34,-0.40
2761,3354,1251964370,-0.46,-0.34,-0.40
2761,3353,1251964375,-0.46,-0.34,-0.40
2761,3352,1251964381,-0.46,-0.34,-0.40
2761,3351,1251964386,-0.46,-0.34,-0.40
2761,3350,1251964392,-0.46,-0.34,-0.40
2761,3349,1251964397,-0.46,-0.34,-0.40
2761,3348,1251964403,-0.46,-0.33,-0.40
2761,3347,1251964408,-0.46,-0.33,-0.40
2761,3346,1251964414,-0.46,-0.33,-0.40
2761,3345,1251964419,-0.46,-0.33,-0.40
2761,3344,1251964425,-0.46,-0.33,-0.40
2761,3343,1251964430,-0.46,-0.33,-0.40
2761,3342,1251964436,-0.46,-0.33,-0.40
2761,3341,1251964442,-0.46,-0.33,-0.40
2761,3340,1251964447,-0.46,-0.33,-0.39
2761,3339,1251964453,-0.46,-0.33,-0.39
2761,3338,1251964458,-0.45,-0.32,-0.39
2761,3337,1251964464,-0.45,-0.32,-0.39
2761,3336,1251964469,-0.45,-0.32,-0.39
2761,3335,1251964475,-0.45,-0.32,-0.39
2761,3334,1251964481,-0.45,-0.32,-0.39
2761,3333,1251964486,-0.45,-0.32,-0.38
2761,3332,1251964492,-0.45,-0.32,-0.38
2761,3331,1251964497,-0.45,-0.32,-0.38
2761,3330,1251964503,-0.45,-0.31,-0.38
2761,3329,1251964508,-0.45,-0.31,-0.38
2761,3328,1251964514,-0.45,-0.31,-0.38
2761,3327,1251964519,-0.45,-0.31,-0.38
2761,3326,1251964525,-0.44,-0.31,-0.37
2761,3325,1251964530,-0.44,-0.31,-0.37
2761,3324,1251964536,-0.44,-0.30,-0.37
2761,3323,1251964542,-0.44,-0.30,-0.37
2761,3322,1251964547,-0.44,-0.30,-0.37
2761,3321,1251964553,-0.44,-0.30,-0.37
2761,3320,1251964558,-0.43,-0.30,-0.37
2761,3319,1251964564,-0.43,-0.30,-0.37
2761,3318,1251964569,-0.43,-0.29,-0.36
2761,3317,1251964575,-0.43,-0.29,-0.36
2761,3316,1251964580,-0.43,-0.29,-0.36
2761,3315,1251964586,-0.43,-0.29,-0.36
2761,3314,1251964591,-0.43,-0.29,-0.36
2761,3313,1251964597,-0.43,-0.29,-0.36
2761,3312,1251964603,-0.43,-0.29,-0.36
2761,3311,1251964608,-0.43,-0.29,-0.36
2761,3310,1251964614,-0.43,-0.28,-0.35
2761,3309,1251964619,-0.42,-0.28,-0.35
2761,3308,1251964625,-0.42,-0.28,-0.35
2761,3307,1251964630,-0.42,-0.28,-0.35
2761,3306,1251964636,-0.42,-0.28,-0.35
2761,3305,1251964641,-0.42,-0.28,-0.35
2761,3304,1251964647,-0.42,-0.28,-0.35
2761,3303,1251964652,-0.42,-0.28,-0.35
2761,3302,1251964658,-0.42,-0.28,-0.35
2761,3301,1251964664,-0.42,-0.28,-0.35
2761,3300,1251964669,-0.42,-0.28,-0.35
2761,3299,1251964675,-0.42,-0.28,-0.35
2761,3298,1251964680,-0.42,-0.28,-0.35
2761,3297,1251964686,-0.42,-0.28,-0.35
2761,3296,1251964691,-0.42,-0.28,-0.35
2761,3295,1251964697,-0.42,-0.28,-0.35
2761,3294,1251964702,-0.42,-0.28,-0.35
2761,3293,1251964708,-0.42,-0.28,-0.35
2761,3292,1251964714,-0.42,-0.28,-0.35
2761,3291,1251964719,-0.42,-0.28,-0.35
2761,3290,1251964725,-0.42,-0.28,-0.35
2761,3289,1251964730,-0.42,-0.28,-0.35
2761,3288,1251964736,-0.42,-0.28,-0.36
2761,3287,1251964741,-0.42,-0.28,-0.36
2761,3286,1251964747,-0.42,-0.28,-0.36
2761,3285,1251964752,-0.42,-0.28,-0.36
2761,3284,1251964758,-0.42,-0.28,-0.36
2761,3283,1251964764,-0.42,-0.29,-0.36
2761,3282,1251964769,-0.42,-0.29,-0.36
2761,3281,1251964775,-0.42,-0.29,-0.36
2761,3280,1251964780,-0.42,-0.29,-0.36
2761,3279,1251964786,-0.42,-0.29,-0.36
2761,3278,1251964791,-0.41,-0.29,-0.36
2761,3277,1251964797,-0.41,-0.29,-0.36
2761,3276,1251964802,-0.41,-0.29,-0.36
2761,3275,1251964808,-0.41,-0.30,-0.36
2761,3274,1251964813,-0.42,-0.30,-0.36
2761,3273,1251964819,-0.41,-0.30,-0.36
2761,3272,1251964825,-0.41,-0.31,-0.36
2761,3271,1251964830,-0.41,-0.31,-0.37
2761,3270,1251964836,-0.41,-0.31,-0.37
2761,3269,1251964841,-0.41,-0.31,-0.37
2761,3268,1251964847,-0.42,-0.32,-0.37
2761,3267,1251964852,-0.42,-0.32,-0.37
2761,3266,1251964858,-0.42,-0.32,-0.37
2761,3265,1251964863,-0.42,-0.33,-0.37
2761,3264,1251964869,-0.42,-0.33,-0.38
2761,3263,1251964874,-0.43,-0.34,-0.38
2761,3262,1251964880,-0.43,-0.34,-0.38
2761,3261,1251964885,-0.43,-0.35,-0.38
2761,3204,1251965202,-0.63,-0.53,-0.57
2761,3203,1251965207,-0.63,-0.54,-0.57
2761,3202,1251965213,-0.63,-0.54,-0.58
2761,3201,1251965219,-0.64,-0.54,-0.58
2761,3200,1251965224,-0.64,-0.54,-0.58
2761,3199,1251965230,-0.64,-0.55,-0.58
2761,3198,1251965235,-0.65,-0.55,-0.58
2761,3197,1251965241,-0.65,-0.55,-0.58
2761,3196,1251965246,-0.65,-0.55,-0.59
2761,3195,1251965252,-0.65,-0.55,-0.59
2761,3194,1251965257,-0.66,-0.55,-0.59
2761,3193,1251965263,-0.66,-0.55,-0.59
2761,3192,1251965268,-0.66,-0.55,-0.59
2761,3191,1251965274,-0.66,-0.56,-0.59
2761,3190,1251965280,-0.66,-0.56,-0.59
2761,3189,1251965285,-0.67,-0.56,-0.59
2761,3188,1251965291,-0.67,-0.56,-0.60
2761,3187,1251965296,-0.67,-0.56,-0.60
2761,3186,1251965302,-0.67,-0.56,-0.60
2761,3185,1251965307,-0.67,-0.56,-0.60
2761,3184,1251965313,-0.68,-0.56,-0.60
2761,3183,1251965319,-0.68,-0.56,-0.61
2761,3182,1251965324,-0.68,-0.56,-0.61
2761,3181,1251965330,-0.68,-0.57,-0.61
2761,3180,1251965335,-0.68,-0.57,-0.61
2761,3179,1251965341,-0.68,-0.57,-0.61
2761,3178,1251965347,-0.68,-0.57,-0.62
2761,3177,1251965352,-0.69,-0.57,-0.62
2761,3176,1251965358,-0.69,-0.57,-0.62
2761,3175,1251965363,-0.69,-0.58,-0.62
2761,3174,1251965369,-0.69,-0.58,-0.62
2761,3173,1251965374,-0.70,-0.58,-0.63
2761,3172,1251965380,-0.70,-0.58,-0.63
2761,3171,1251965385,-0.70,-0.58,-0.63
2761,3170,1251965391,-0.70,-0.58,-0.63
2761,3169,1251965397,-0.71,-0.58,-0.63
2761,3168,1251965402,-0.71,-0.59,-0.64
2761,3167,1251965408,-0.71,-0.59,-0.64
2761,3166,1251965413,-0.71,-0.59,-0.64
2761,3165,1251965419,-0.72,-0.59,-0.64
2761,3164,1251965424,-0.72,-0.59,-0.64
2761,3163,1251965430,-0.72,-0.59,-0.65
2761,3162,1251965436,-0.72,-0.60,-0.65
2761,3161,1251965441,-0.72,-0.60,-0.65
2761,3160,1251965447,-0.73,-0.60,-0.65
2761,3159,1251965452,-0.73,-0.60,-0.65
2761,3158,1251965458,-0.73,-0.60,-0.66
2761,3157,1251965464,-0.74,-0.61,-0.66
2761,3156,1251965469,-0.74,-0.61,-0.66
2761,3155,1251965475,-0.74,-0.61,-0.66
2761,3154,1251965480,-0.74,-0.61,-0.66
2761,3153,1251965486,-0.74,-0.61,-0.67
2761,3152,1251965492,-0.75,-0.62,-0.67
2761,3151,1251965497,-0.75,-0.62,-0.67
2761,3150,1251965503,-0.75,-0.62,-0.67
2761,3149,1251965508,-0.75,-0.62,-0.67
2761,3148,1251965514,-0.75,-0.62,-0.67
2761,3147,1251965519,-0.75,-0.62,-0.68
2761,3146,1251965525,-0.76,-0.63,-0.68
2761,3145,1251965530,-0.76,-0.63,-0.68
2761,3144,1251965536,-0.76,-0.63,-0.68
2761,3143,1251965542,-0.77,-0.63,-0.68
2761,3142,1251965547,-0.77,-0.64,-0.69
2761,3141,1251965553,-0.77,-0.64,-0.69
2761,3140,1251965558,-0.77,-0.64,-0.69
2761,3139,1251965564,-0.78,-0.64,-0.69
2761,3138,1251965570,-0.78,-0.64,-0.69
2761,3137,1251965575,-0.78,-0.64,-0.69
2761,3136,1251965581,-0.79,-0.64,-0.69
2761,3135,1251965586,-0.79,-0.65,-0.70
2761,3134,1251965592,-0.79,-0.65,-0.70
2761,3133,1251965598,-0.80,-0.65,-0.70
2761,3132,1251965603,-0.80,-0.65,-0.70
2761,3131,1251965609,-0.80,-0.65,-0.71
2761,3130,1251965614,-0.81,-0.66,-0.71
2761,3129,1251965620,-0.81,-0.66,-0.71
2761,3128,1251965625,-0.81,-0.66,-0.71
2761,3127,1251965631,-0.82,-0.66,-0.71
2761,3126,1251965637,-0.82,-0.66,-0.72
2761,3125,1251965642,-0.82,-0.66,-0.72
2761,3124,1251965648,-0.83,-0.66,-0.72
2761,3123,1251965653,-0.83,-0.67,-0.72
2761,3122,1251965659,-0.83,-0.67,-0.72
2761,3121,1251965665,-0.83,-0.67,-0.73
2761,3050,1251966059,-1.05,-0.83,-0.94
2761,3049,1251966065,-1.06,-0.83,-0.94
2761,3048,1251966070,-1.06,-0.84,-0.95
2761,3047,1251966076,-1.07,-0.84,-0.95
2761,3046,1251966081,-1.07,-0.84,-0.95
2761,3045,1251966087,-1.08,-0.84,-0.96
2761,3044,1251966092,-1.08,-0.85,-0.96
2761,3043,1251966098,-1.09,-0.85,-0.97
2761,3042,1251966104,-1.09,-0.85,-0.97
2761,3041,1251966109,-1.10,-0.86,-0.98
2761,3040,1251966115,-1.10,-0.86,-0.98
2761,3039,1251966120,-1.11,-0.86,-0.99
2761,3038,1251966126,-1.11,-0.87,-0.99
2761,3037,1251966131,-1.12,-0.87,-0.99
2761,3036,1251966137,-1.12,-0.87,-1.00
2761,3035,1251966143,-1.13,-0.88,-1.00
2761,3034,1251966148,-1.13,-0.88,-1.01
2761,3033,1251966154,-1.14,-0.88,-1.01
2761,3032,1251966159,-1.14,-0.89,-1.02
2761,3031,1251966165,-1.15,-0.89,-1.02
2761,3030,1251966170,-1.15,-0.89,-1.03
2761,3029,1251966176,-1.16,-0.90,-1.03
2761,3028,1251966181,-1.17,-0.90,-1.04
2761,3027,1251966187,-1.17,-0.91,-1.04
2761,3026,1251966193,-1.18,-0.91,-1.05
2761,3025,1251966198,-1.18,-0.91,-1.06
2761,3024,1251966204,-1.19,-0.92,-1.06
2761,3023,1251966209,-1.19,-0.92,-1.07
2761,3022,1251966215,-1.20,-0.93,-1.07
2761,3021,1251966220,-1.20,-0.93,-1.08
2761,3020,1251966226,-1.21,-0.93,-1.08
2761,3019,1251966231,-1.21,-0.94,-1.09
2761,3018,1251966237,-1.21,-0.94,-1.09
2761,3017,1251966243,-1.22,-0.95,-1.10
2761,3016,1251966248,-1.22,-0.95,-1.10
2761,3015,1251966254,-1.23,-0.96,-1.11
2761,3014,1251966259,-1.23,-0.96,-1.11
2761,3013,1251966265,-1.24,-0.96,-1.12
2761,3012,1251966270,-1.24,-0.97,-1.12
2761,3011,1251966276,-1.25,-0.97,-1.13
2761,3010,1251966282,-1.25,-0.97,-1.13
2761,3009,1251966287,-1.26,-0.98,-1.13
2761,3008,1251966293,-1.26,-0.98,-1.14
2761,3007,1251966298,-1.27,-0.98,-1.14
2761,3006,1251966304,-1.27,-0.99,-1.15
2761,3005,1251966309,-1.28,-0.99,-1.15
2761,3004,1251966315,-1.28,-1.00,-1.16
2761,3003,1251966321,-1.29,-1.00,-1.16
2761,3002,1251966326,-1.29,-1.00,-1.16
2761,3001,1251966332,-1.30,-1.01,-1.17
2761,3000,1251966337,-1.30,-1.01,-1.17
2761,2999,1251966343,-1.31,-1.01,-1.18
2761,2998,1251966348,-1.31,-1.02,-1.18
2761,2997,1251966354,-1.32,-1.02,-1.18
2761,2996,1251966360,-1.32,-1.03,-1.19
2761,2995,1251966365,-1.33,-1.03,-1.19
2761,2994,1251966371,-1.33,-1.04,-1.20
2761,2993,1251966376,-1.34,-1.04,-1.20
2761,2992,1251966382,-1.34,-1.04,-1.20
2761,2991,1251966387,-1.35,-1.05,-1.21
2761,2990,1251966393,-1.35,-1.05,-1.21
2761,2989,1251966399,-1.36,-1.06,-1.21
2761,2988,1251966404,-1.36,-1.06,-1.22
2761,2987,1251966410,-1.37,-1.07,-1.22
2761,2986,1251966415,-1.37,-1.07,-1.23
2761,2985,1251966421,-1.38,-1.07,-1.23
2761,2984,1251966426,-1.38,-1.08,-1.23
2761,2983,1251966432,-1.39,-1.08,-1.24
2761,2982,1251966438,-1.39,-1.08,-1.24
2761,2981,1251966443,-1.39,-1.09,-1.24
2761,2980,1251966449,-1.40,-1.09,-1.25
2761,2979,1251966454,-1.40,-1.10,-1.25
2761,2978,1251966460,-1.41,-1.10,-1.25
2761,2977,1251966465,-1.41,-1.11,-1.26
2761,2976,1251966471,-1.41,-1.11,-1.26
2761,2975,1251966477,-1.42,-1.11,-1.26
2761,2974,1251966482,-1.42,-1.12,-1.27
2761,2973,1251966488,-1.43,-1.12,-1.27
2761,2972,1251966493,-1.43,-1.13,-1.28
2761,2971,1251966499,-1.43,-1.13,-1.28
2761,2970,1251966504,-1.44,-1.14,-1.28
2761,2969,1251966510,-1.44,-1.14,-1.28
2761,2968,1251966516,-1.45,-1.14,-1.29
2761,2967,1251966521,-1.45,-1.15,-1.29
2761,2966,1251966527,-1.45,-1.15,-1.29
2761,2965,1251966532,-1.46,-1.16,-1.30
2761,2964,1251966538,-1.46,-1.16,-1.30
2761,2963,1251966543,-1.46,-1.16,-1.30
2761,2962,1251966549,-1.47,-1.17,-1.31
2761,2961,1251966554,-1.47,-1.17,-1.31
2761,2960,1251966560,-1.48,-1.17,-1.31
2761,2959,1251966566,-1.48,-1.18,-1.31
2761,2958,1251966571,-1.48,-1.18,-1.32
2761,2957,1251966577,-1.49,-1.18,-1.32
2761,2956,1251966582,-1.49,-1.18,-1.32
2761,2955,1251966588,-1.49,-1.19,-1.32
2761,2954,1251966593,-1.50,-1.19,-1.33
2761,2953,1251966599,-1.50,-1.20,-1.33
2761,2952,1251966604,-1.50,-1.20,-1.34
2761,2951,1251966610,-1.51,-1.20,-1.34
2761,2950,1251966615,-1.51,-1.20,-1.34
2761,2949,1251966621,-1.51,-1.21,-1.35
2761,2948,1251966626,-1.52,-1.21,-1.35
2761,2947,1251966632,-1.52,-1.21,-1.35
2761,2946,1251966638,-1.52,-1.22,-1.36
2761,2945,1251966643,-1.52,-1.22,-1.36
2761,2944,1251966649,-1.53,-1.23,-1.36
2761,2943,1251966654,-1.53,-1.23,-1.37
2761,2942,1251966660,-1.53,-1.23,-1.37
2761,2941,1251966665,-1.54,-1.24,-1.37
2761,2940,1251966671,-1.54,-1.24,-1.38
2761,2939,1251966676,-1.54,-1.24,-1.38
2761,2938,1251966682,-1.55,-1.25,-1.38
2761,2937,1251966688,-1.55,-1.25,-1.39
2761,2936,1251966693,-1.56,-1.25,-1.39
2761,2935,1251966699,-1.56,-1.26,-1.40
2761,2934,1251966704,-1.57,-1.26,-1.40
2761,2933,1251966710,-1.57,-1.27,-1.40
2761,2932,1251966715,-1.57,-1.27,-1.41
2761,2931,1251966721,-1.58,-1.27,-1.41
2761,2930,1251966727,-1.58,-1.28,-1.41
2761,2929,1251966732,-1.59,-1.28,-1.42
2761,2928,1251966738,-1.59,-1.28,-1.42
2761,2927,1251966743,-1.59,-1.29,-1.42
2761,2926,1251966749,-1.60,-1.29,-1.43
2761,2925,1251966754,-1.60,-1.30,-1.43
2761,2924,1251966760,-1.60,-1.30,-1.43
2761,2923,1251966766,-1.61,-1.30,-1.44
2761,2922,1251966771,-1.61,-1.31,-1.44
2761,2921,1251966777,-1.61,-1.31,-1.44
2761,2920,1251966782,-1.62,-1.32,-1.45
2761,2919,1251966788,-1.62,-1.32,-1.45
2761,2918,1251966794,-1.63,-1.33,-1.45
2761,2917,1251966799,-1.63,-1.33,-1.46
2761,2916,1251966805,-1.63,-1.33,-1.46
2761,2915,1251966810,-1.63,-1.34,-1.46
2761,2914,1251966816,-1.64,-1.34,-1.46
2761,2913,1251966821,-1.64,-1.34,-1.47
2761,2912,1251966827,-1.64,-1.35,-1.47
2761,2911,1251966832,-1.65,-1.35,-1.47
2761,2910,1251966838,-1.65,-1.35,-1.48
2761,2909,1251966844,-1.65,-1.36,-1.48
2761,2896,1251966916,-1.67,-1.40,-1.51
2761,2895,1251966922,-1.67,-1.41,-1.52
2761,2894,1251966928,-1.67,-1.41,-1.52
2761,2893,1251966933,-1.67,-1.41,-1.52
2761,2892,1251966939,-1.67,-1.42,-1.52
2761,2891,1251966944,-1.67,-1.42,-1.52
2761,2890,1251966950,-1.67,-1.42,-1.52
2761,2889,1251966955,-1.67,-1.42,-1.52
2761,2888,1251966961,-1.67,-1.42,-1.53
2761,2887,1251966967,-1.67,-1.43,-1.53
2761,2886,1251966972,-1.67,-1.43,-1.53
2761,2885,1251966978,-1.67,-1.43,-1.53
2761,2884,1251966983,-1.67,-1.43,-1.53
2761,2883,1251966989,-1.67,-1.44,-1.53
2761,2882,1251966995,-1.67,-1.44,-1.53
2761,2881,1251967000,-1.67,-1.44,-1.53
2761,2880,1251967006,-1.67,-1.44,-1.53
2761,2879,1251967011,-1.67,-1.44,-1.53
2761,2878,1251967017,-1.67,-1.44,-1.53
2761,2877,1251967023,-1.67,-1.44,-1.53
2761,2876,1251967028,-1.67,-1.44,-1.53
2761,2875,1251967034,-1.67,-1.45,-1.53
2761,2874,1251967039,-1.67,-1.45,-1.53
2761,2873,1251967045,-1.67,-1.45,-1.53
2761,2872,1251967050,-1.67,-1.45,-1.53
2761,2871,1251967056,-1.67,-1.45,-1.53
2761,2870,1251967062,-1.66,-1.45,-1.53
2761,2869,1251967067,-1.66,-1.45,-1.53
2761,2868,1251967073,-1.66,-1.46,-1.53
2761,2867,1251967078,-1.66,-1.46,-1.53
2761,2866,1251967084,-1.66,-1.46,-1.53
2761,2865,1251967089,-1.66,-1.46,-1.53
2761,2864,1251967095,-1.66,-1.46,-1.53
2761,2863,1251967101,-1.66,-1.46,-1.53
2761,2862,1251967106,-1.66,-1.46,-1.53
2761,2861,1251967112,-1.66,-1.47,-1.53
2761,2860,1251967117,-1.66,-1.47,-1.53
2761,2859,1251967123,-1.65,-1.47,-1.53
2761,2858,1251967128,-1.65,-1.47,-1.54
2761,2857,1251967134,-1.65,-1.47,-1.54
2761,2856,1251967140,-1.65,-1.47,-1.54
2761,2855,1251967145,-1.65,-1.47,-1.54
2761,2854,1251967151,-1.65,-1.47,-1.54
2761,2853,1251967156,-1.65,-1.47,-1.54
2761,2852,1251967162,-1.65,-1.48,-1.54
2761,2851,1251967167,-1.65,-1.48,-1.54
2761,2850,1251967173,-1.65,-1.48,-1.54
2761,2849,1251967179,-1.65,-1.48,-1.54
2761,2848,1251967184,-1.65,-1.48,-1.54
2761,2847,1251967190,-1.65,-1.48,-1.54
2761,2846,1251967195,-1.65,-1.48,-1.54
2761,2845,1251967201,-1.65,-1.48,-1.54
2761,2844,1251967207,-1.65,-1.48,-1.54
2761,2843,1251967212,-1.65,-1.48,-1.54
2761,2842,1251967218,-1.64,-1.49,-1.54
2761,2841,1251967223,-1.64,-1.49,-1.54
2761,2840,1251967229,-1.64,-1.49,-1.54
2761,2839,1251967235,-1.64,-1.49,-1.54
2761,2838,1251967240,-1.64,-1.49,-1.54
2761,2837,1251967246,-1.64,-1.49,-1.54
2761,2836,1251967251,-1.64,-1.49,-1.54
2761,2835,1251967257,-1.64,-1.49,-1.54
2761,2834,1251967263,-1.64,-1.49,-1.54
2761,2833,1251967268,-1.64,-1.49,-1.54
2761,2742,1251967777,-1.52,-1.39,-1.46
2761,2741,1251967782,-1.52,-1.39,-1.46
2761,2740,1251967788,-1.52,-1.39,-1.46
2761,2739,1251967794,-1.52,-1.38,-1.46
2761,2738,1251967799,-1.52,-1.38,-1.46
2761,2737,1251967805,-1.52,-1.38,-1.46
2761,2736,1251967810,-1.52,-1.38,-1.46
2761,2735,1251967816,-1.52,-1.38,-1.46
2761,2734,1251967821,-1.52,-1.38,-1.45
2761,2733,1251967827,-1.52,-1.38,-1.45
2761,2732,1251967832,-1.52,-1.37,-1.45
2761,2731,1251967838,-1.52,-1.37,-1.45
2761,2730,1251967844,-1.52,-1.37,-1.45
2761,2729,1251967849,-1.52,-1.37,-1.45
2761,2728,1251967855,-1.52,-1.37,-1.45
2761,2727,1251967860,-1.52,-1.36,-1.44
2761,2726,1251967866,-1.52,-1.36,-1.44
2761,2725,1251967871,-1.52,-1.36,-1.44
2761,2724,1251967877,-1.52,-1.36,-1.44
2761,2723,1251967882,-1.52,-1.36,-1.44
2761,2722,1251967888,-1.52,-1.35,-1.44
2761,2721,1251967894,-1.52,-1.35,-1.44
2761,2720,1251967899,-1.52,-1.35,-1.43
2761,2719,1251967905,-1.52,-1.35,-1.43
2761,2718,1251967910,-1.52,-1.35,-1.43
2761,2717,1251967916,-1.52,-1.35,-1.43
2761,2716,1251967921,-1.52,-1.34,-1.43
2761,2715,1251967927,-1.52,-1.34,-1.43
2761,2714,1251967932,-1.52,-1.34,-1.43
2761,2713,1251967938,-1.52,-1.34,-1.43
2761,2712,1251967944,-1.52,-1.33,-1.42
2761,2711,1251967949,-1.52,-1.33,-1.42
2761,2710,1251967955,-1.52,-1.33,-1.42
2761,2709,1251967960,-1.52,-1.33,-1.42
2761,2708,1251967966,-1.52,-1.32,-1.42
2761,2707,1251967971,-1.52,-1.32,-1.42
2761,2706,1251967977,-1.52,-1.32,-1.42
2761,2705,1251967982,-1.53,-1.32,-1.42
2761,2704,1251967988,-1.53,-1.31,-1.42
2761,2703,1251967993,-1.53,-1.31,-1.42
2761,2702,1251967999,-1.53,-1.31,-1.42
2761,2701,1251968005,-1.53,-1.31,-1.41
2761,2700,1251968010,-1.53,-1.31,-1.41
2761,2699,1251968016,-1.53,-1.31,-1.41
2761,2698,1251968021,-1.53,-1.30,-1.41
2761,2697,1251968027,-1.53,-1.30,-1.41
2761,2696,1251968032,-1.53,-1.30,-1.41
2761,2695,1251968038,-1.53,-1.30,-1.41
2761,2694,1251968043,-1.53,-1.30,-1.41
2761,2693,1251968049,-1.53,-1.30,-1.41
2761,2692,1251968054,-1.53,-1.30,-1.41
2761,2691,1251968060,-1.53,-1.29,-1.41
2761,2690,1251968065,-1.53,-1.29,-1.41
2761,2689,1251968071,-1.53,-1.29,-1.41
2761,2688,1251968076,-1.54,-1.29,-1.41
2761,2687,1251968082,-1.54,-1.29,-1.41
2761,2686,1251968088,-1.54,-1.28,-1.41
2761,2685,1251968093,-1.54,-1.28,-1.41
2761,2684,1251968099,-1.54,-1.28,-1.41
2761,2683,1251968104,-1.54,-1.28,-1.41
2761,2682,1251968110,-1.54,-1.28,-1.41
2761,2681,1251968115,-1.54,-1.28,-1.41
2761,2680,1251968121,-1.55,-1.28,-1.41
2761,2679,1251968126,-1.55,-1.28,-1.41
2761,2678,1251968132,-1.55,-1.28,-1.41
2761,2677,1251968137,-1.55,-1.27,-1.41
2761,2676,1251968143,-1.56,-1.27,-1.41
2761,2675,1251968149,-1.56,-1.27,-1.41
2761,2588,1251968626,-1.74,-1.44,-1.60
2761,2587,1251968632,-1.75,-1.45,-1.61
2761,2586,1251968637,-1.75,-1.46,-1.61
2761,2585,1251968643,-1.75,-1.46,-1.62
2761,2584,1251968648,-1.75,-1.47,-1.62
2761,2583,1251968654,-1.76,-1.47,-1.62
2761,2582,1251968659,-1.76,-1.48,-1.63
2761,2581,1251968665,-1.76,-1.48,-1.63
2761,2580,1251968670,-1.76,-1.49,-1.63
2761,2579,1251968676,-1.77,-1.49,-1.64
2761,2578,1251968681,-1.77,-1.50,-1.64
2761,2577,1251968687,-1.77,-1.50,-1.64
2761,2576,1251968692,-1.77,-1.51,-1.65
2761,2575,1251968698,-1.78,-1.51,-1.65
2761,2574,1251968703,-1.78,-1.52,-1.65
2761,2573,1251968708,-1.78,-1.52,-1.66
2761,2572,1251968714,-1.79,-1.53,-1.66
2761,2571,1251968719,-1.79,-1.53,-1.67
2761,2570,1251968725,-1.79,-1.54,-1.67
2761,2569,1251968730,-1.79,-1.54,-1.67
2761,2568,1251968736,-1.79,-1.55,-1.68
2761,2567,1251968741,-1.80,-1.55,-1.68
2761,2566,1251968747,-1.80,-1.56,-1.68
2761,2565,1251968752,-1.80,-1.56,-1.69
2761,2564,1251968758,-1.81,-1.57,-1.69
2761,2563,1251968763,-1.81,-1.57,-1.69
2761,2562,1251968769,-1.81,-1.58,-1.70
2761,2561,1251968774,-1.82,-1.58,-1.70
2761,2560,1251968780,-1.82,-1.59,-1.70
2761,2559,1251968785,-1.82,-1.59,-1.71
2761,2558,1251968790,-1.82,-1.60,-1.71
2761,2557,1251968796,-1.83,-1.60,-1.71
2761,2556,1251968801,-1.83,-1.61,-1.72
2761,2555,1251968807,-1.83,-1.61,-1.72
2761,2554,1251968812,-1.84,-1.62,-1.73
2761,2553,1251968818,-1.84,-1.62,-1.73
2761,2552,1251968823,-1.84,-1.63,-1.73
2761,2551,1251968829,-1.85,-1.63,-1.74
2761,2550,1251968834,-1.85,-1.64,-1.74
2761,2549,1251968840,-1.85,-1.64,-1.74
2761,2548,1251968845,-1.86,-1.65,-1.75
2761,2547,1251968851,-1.86,-1.65,-1.75
2761,2546,1251968856,-1.87,-1.66,-1.76
2761,2545,1251968862,-1.87,-1.66,-1.76
2761,2544,1251968867,-1.87,-1.67,-1.76
2761,2543,1251968873,-1.87,-1.67,-1.77
2761,2542,1251968878,-1.88,-1.68,-1.77
2761,2541,1251968884,-1.88,-1.69,-1.78
2761,2540,1251968889,-1.88,-1.69,-1.78
2761,2539,1251968895,-1.89,-1.69,-1.78
2761,2538,1251968900,-1.89,-1.70,-1.79
2761,2537,1251968906,-1.89,-1.70,-1.79
2761,2536,1251968911,-1.90,-1.71,-1.79
2761,2535,1251968917,-1.90,-1.72,-1.80
2761,2534,1251968923,-1.90,-1.72,-1.80
2761,2533,1251968928,-1.90,-1.73,-1.81
2761,2532,1251968934,-1.91,-1.73,-1.81
2761,2531,1251968939,-1.91,-1.74,-1.81
2761,2530,1251968945,-1.91,-1.74,-1.82
2761,2529,1251968950,-1.92,-1.74,-1.82
2761,2528,1251968956,-1.92,-1.75,-1.82
2761,2527,1251968961,-1.92,-1.75,-1.83
2761,2526,1251968967,-1.92,-1.75,-1.83
2761,2525,1251968973,-1.93,-1.76,-1.83
2761,2524,1251968978,-1.93,-1.76,-1.84
2761,2523,1251968984,-1.93,-1.77,-1.84
2761,2522,1251968989,-1.94,-1.77,-1.85
2761,2521,1251968995,-1.94,-1.77,-1.85
2761,2520,1251969000,-1.94,-1.78,-1.85
2761,2519,1251969006,-1.95,-1.78,-1.86
2761,2518,1251969011,-1.95,-1.79,-1.86
2761,2517,1251969017,-1.95,-1.79,-1.86
2761,2516,1251969022,-1.95,-1.79,-1.87
2761,2515,1251969028,-1.96,-1.80,-1.87
2761,2514,1251969034,-1.96,-1.80,-1.88
2761,2513,1251969039,-1.96,-1.80,-1.88
2761,2512,1251969045,-1.97,-1.81,-1.88
2761,2511,1251969050,-1.97,-1.81,-1.89
2761,2510,1251969056,-1.97,-1.82,-1.89
2761,2509,1251969061,-1.98,-1.82,-1.89
2761,2508,1251969067,-1.98,-1.82,-1.90
2761,2507,1251969072,-1.98,-1.83,-1.90
2761,2506,1251969078,-1.98,-1.83,-1.91
2761,2505,1251969083,-1.99,-1.84,-1.91
2761,2434,1251969475,-2.26,-2.19,-2.23
2761,2433,1251969481,-2.26,-2.20,-2.23
2761,2432,1251969486,-2.27,-2.20,-2.24
2761,2431,1251969492,-2.27,-2.21,-2.24
2761,2430,1251969498,-2.28,-2.21,-2.24
2761,2429,1251969503,-2.28,-2.22,-2.25
2761,2428,1251969509,-2.28,-2.22,-2.25
2761,2427,1251969514,-2.29,-2.22,-2.26
2761,2426,1251969520,-2.29,-2.23,-2.26
2761,2425,1251969525,-2.30,-2.23,-2.26
2761,2424,1251969531,-2.30,-2.23,-2.27
2761,2423,1251969536,-2.31,-2.23,-2.27
2761,2422,1251969542,-2.31,-2.24,-2.27
2761,2421,1251969548,-2.32,-2.24,-2.28
2761,2420,1251969553,-2.32,-2.24,-2.28
2761,2419,1251969559,-2.32,-2.24,-2.28
2761,2418,1251969564,-2.33,-2.25,-2.29
2761,2417,1251969570,-2.33,-2.25,-2.29
2761,2416,1251969575,-2.33,-2.25,-2.29
2761,2415,1251969581,-2.34,-2.25,-2.30
2761,2414,1251969586,-2.34,-2.25,-2.30
2761,2413,1251969592,-2.34,-2.26,-2.30
2761,2412,1251969598,-2.35,-2.26,-2.31
2761,2411,1251969603,-2.35,-2.26,-2.31
2761,2410,1251969609,-2.36,-2.26,-2.31
2761,2409,1251969614,-2.36,-2.26,-2.31
2761,2408,1251969620,-2.37,-2.27,-2.32
2761,2407,1251969626,-2.37,-2.27,-2.32
2761,2406,1251969631,-2.38,-2.27,-2.32
2761,2405,1251969637,-2.38,-2.27,-2.33
2761,2404,1251969642,-2.38,-2.28,-2.33
2761,2403,1251969648,-2.39,-2.28,-2.33
2761,2402,1251969653,-2.39,-2.28,-2.34
2761,2401,1251969659,-2.40,-2.28,-2.34
2761,2400,1251969665,-2.40,-2.29,-2.34
2761,2399,1251969670,-2.41,-2.29,-2.35
2761,2398,1251969676,-2.41,-2.29,-2.35
2761,2397,1251969681,-2.42,-2.29,-2.35
2761,2396,1251969687,-2.42,-2.30,-2.36
2761,2395,1251969692,-2.42,-2.30,-2.36
2761,2394,1251969698,-2.42,-2.30,-2.36
2761,2393,1251969703,-2.43,-2.30,-2.36
2761,2392,1251969709,-2.43,-2.31,-2.37
2761,2391,1251969715,-2.43,-2.31,-2.37
2761,2390,1251969720,-2.44,-2.31,-2.37
2761,2389,1251969726,-2.44,-2.31,-2.37
2761,2388,1251969731,-2.44,-2.32,-2.37
2761,2387,1251969737,-2.45,-2.32,-2.38
2761,2386,1251969742,-2.45,-2.32,-2.38
2761,2385,1251969748,-2.45,-2.32,-2.38
2761,2384,1251969754,-2.45,-2.32,-2.38
2761,2383,1251969759,-2.45,-2.33,-2.39
2761,2382,1251969765,-2.46,-2.33,-2.39
2761,2381,1251969770,-2.46,-2.33,-2.39
2761,2380,1251969776,-2.46,-2.34,-2.39
2761,2379,1251969781,-2.47,-2.34,-2.40
2761,2378,1251969787,-2.47,-2.34,-2.40
2761,2377,1251969792,-2.47,-2.34,-2.40
2761,2376,1251969798,-2.47,-2.34,-2.40
2761,2375,1251969804,-2.48,-2.34,-2.41
2761,2374,1251969809,-2.48,-2.34,-2.41
2761,2373,1251969815,-2.48,-2.35,-2.41
2761,2372,1251969820,-2.48,-2.35,-2.41
2761,2371,1251969826,-2.49,-2.35,-2.42
2761,2370,1251969831,-2.49,-2.35,-2.42
2761,2369,1251969837,-2.50,-2.36,-2.42
2761,2368,1251969843,-2.50,-2.36,-2.42
2761,2367,1251969848,-2.50,-2.36,-2.43
2761,2366,1251969854,-2.50,-2.36,-2.43
2761,2326,1251970076,-2.60,-2.45,-2.53
2761,2325,1251970082,-2.61,-2.46,-2.54
2761,2324,1251970088,-2.61,-2.46,-2.54
2761,2323,1251970093,-2.61,-2.46,-2.54
2761,2322,1251970099,-2.62,-2.46,-2.55
2761,2321,1251970104,-2.62,-2.46,-2.55
2761,2320,1251970110,-2.62,-2.47,-2.55
2761,2319,1251970115,-2.62,-2.47,-2.56
2761,2318,1251970121,-2.63,-2.47,-2.56
2761,2317,1251970127,-2.63,-2.47,-2.56
2761,2316,1251970132,-2.63,-2.48,-2.56
2761,2315,1251970138,-2.64,-2.48,-2.57
2761,2314,1251970143,-2.64,-2.48,-2.57
2761,2313,1251970149,-2.64,-2.48,-2.57
2761,2312,1251970154,-2.64,-2.49,-2.58
2761,2311,1251970160,-2.65,-2.49,-2.58
2761,2310,1251970165,-2.65,-2.49,-2.58
2761,2309,1251970171,-2.65,-2.50,-2.58
2761,2308,1251970176,-2.66,-2.50,-2.59
2761,2307,1251970182,-2.66,-2.50,-2.59
2761,2306,1251970187,-2.66,-2.50,-2.59
2761,2305,1251970193,-2.67,-2.51,-2.60
2761,2304,1251970199,-2.67,-2.51,-2.60
2761,2303,1251970204,-2.67,-2.51,-2.60
2761,2302,1251970210,-2.68,-2.52,-2.61
2761,2301,1251970215,-2.68,-2.52,-2.61
2761,2300,1251970221,-2.68,-2.52,-2.61
2761,2299,1251970226,-2.69,-2.53,-2.61
2761,2298,1251970232,-2.69,-2.53,-2.62
2761,2297,1251970237,-2.69,-2.53,-2.62
2761,2296,1251970243,-2.69,-2.53,-2.62
2761,2295,1251970249,-2.70,-2.54,-2.62
2761,2294,1251970254,-2.70,-2.54,-2.63
2761,2293,1251970260,-2.70,-2.54,-2.63
2761,2292,1251970265,-2.71,-2.54,-2.63
2761,2291,1251970271,-2.71,-2.55,-2.64
2761,2290,1251970276,-2.71,-2.55,-2.64
2761,2289,1251970282,-2.72,-2.55,-2.64
2761,2288,1251970287,-2.72,-2.56,-2.65
2761,2287,1251970293,-2.72,-2.56,-2.65
2761,2286,1251970298,-2.73,-2.56,-2.65
2761,2285,1251970304,-2.73,-2.57,-2.65
2761,2284,1251970309,-2.73,-2.57,-2.66
2761,2283,1251970315,-2.74,-2.57,-2.66
2761,2282,1251970321,-2.74,-2.57,-2.66
2761,2281,1251970326,-2.74,-2.58,-2.67
2761,2280,1251970332,-2.75,-2.58,-2.67
2761,2279,1251970337,-2.75,-2.58,-2.67
2761,2278,1251970343,-2.75,-2.58,-2.67
2761,2277,1251970348,-2.76,-2.59,-2.68
2761,2276,1251970354,-2.76,-2.59,-2.68
2761,2275,1251970359,-2.76,-2.59,-2.68
2761,2274,1251970365,-2.77,-2.60,-2.69
2761,2273,1251970370,-2.77,-2.60,-2.69
2761,2272,1251970376,-2.77,-2.60,-2.69
2761,2271,1251970381,-2.78,-2.61,-2.70
2761,2270,1251970387,-2.78,-2.61,-2.70
2761,2269,1251970392,-2.78,-2.61,-2.70
2761,2268,1251970398,-2.79,-2.62,-2.71
2761,2267,1251970403,-2.79,-2.62,-2.71
2761,2266,1251970409,-2.79,-2.62,-2.71
2761,2265,1251970415,-2.80,-2.63,-2.72
2761,2264,1251970420,-2.80,-2.63,-2.72
2761,2263,1251970426,-2.80,-2.63,-2.72
2761,2262,1251970431,-2.81,-2.64,-2.73
2761,2261,1251970437,-2.81,-2.64,-2.73
2761,2260,1251970442,-2.81,-2.65,-2.73
2761,2259,1251970448,-2.82,-2.65,-2.74
2761,2258,1251970453,-2.82,-2.65,-2.74
2761,2257,1251970459,-2.82,-2.66,-2.74
2761,2256,1251970464,-2.82,-2.66,-2.75
2761,2255,1251970470,-2.83,-2.66,-2.75
2761,2254,1251970475,-2.83,-2.67,-2.76
2761,2253,1251970481,-2.84,-2.67,-2.76
2761,2252,1251970486,-2.84,-2.68,-2.76
2761,2251,1251970492,-2.84,-2.68,-2.77
2761,2250,1251970497,-2.85,-2.69,-2.77
2761,2249,1251970503,-2.85,-2.69,-2.78
2761,2248,1251970509,-2.86,-2.70,-2.78
2761,2247,1251970514,-2.86,-2.70,-2.78
2761,2246,1251970520,-2.87,-2.71,-2.79
2761,2245,1251970525,-2.87,-2.71,-2.79
2761,2244,1251970531,-2.88,-2.71,-2.80
2761,2243,1251970536,-2.88,-2.72,-2.80
2761,2242,1251970542,-2.88,-2.72,-2.80
2761,2241,1251970547,-2.89,-2.73,-2.81
2761,2240,1251970553,-2.89,-2.73,-2.81
2761,2239,1251970558,-2.90,-2.73,-2.82
2761,2238,1251970564,-2.90,-2.74,-2.82
2761,2237,1251970569,-2.91,-2.74,-2.82
2761,2236,1251970575,-2.91,-2.74,-2.83
2761,2235,1251970580,-2.92,-2.75,-2.83
2761,2234,1251970586,-2.92,-2.75,-2.83
2761,2233,1251970591,-2.92,-2.75,-2.84
2761,2232,1251970597,-2.93,-2.75,-2.84
2761,2231,1251970602,-2.93,-2.76,-2.85
2761,2230,1251970608,-2.94,-2.76,-2.85
2761,2229,1251970614,-2.94,-2.77,-2.85
2761,2228,1251970619,-2.94,-2.77,-2.86
2761,2227,1251970625,-2.95,-2.77,-2.86
2761,2226,1251970630,-2.95,-2.77,-2.87
2761,2225,1251970636,-2.95,-2.78,-2.87
2761,2224,1251970641,-2.96,-2.78,-2.87
2761,2223,1251970647,-2.96,-2.78,-2.88
2761,2222,1251970652,-2.97,-2.79,-2.88
2761,2221,1251970658,-2.97,-2.79,-2.88
2761,2220,1251970663,-2.97,-2.79,-2.89
2761,2219,1251970669,-2.98,-2.80,-2.89
2761,2218,1251970675,-2.98,-2.80,-2.90
2761,2217,1251970680,-2.98,-2.81,-2.90
2761,2216,1251970686,-2.99,-2.81,-2.90
2761,2215,1251970691,-2.99,-2.81,-2.91
2761,2214,1251970697,-3.00,-2.82,-2.91
2761,2213,1251970702,-3.00,-2.82,-2.91
2761,2212,1251970708,-3.01,-2.82,-2.92
2761,2211,1251970713,-3.01,-2.83,-2.92
2761,2210,1251970719,-3.01,-2.83,-2.93
2761,2209,1251970724,-3.02,-2.83,-2.93
2761,2208,1251970730,-3.02,-2.84,-2.93
2761,2207,1251970735,-3.03,-2.84,-2.94
2761,2206,1251970741,-3.03,-2.84,-2.94
2761,2205,1251970746,-3.03,-2.85,-2.94
2761,2204,1251970752,-3.04,-2.85,-2.95
2761,2203,1251970757,-3.04,-2.85,-2.95
2761,2202,1251970763,-3.05,-2.86,-2.96
2761,2201,1251970769,-3.05,-2.86,-2.96
2761,2200,1251970774,-3.06,-2.87,-2.96
2761,2199,1251970780,-3.06,-2.87,-2.97
2761,2198,1251970785,-3.07,-2.88,-2.97
2761,2197,1251970791,-3.07,-2.88,-2.98
2761,2196,1251970796,-3.07,-2.88,-2.98
2761,2195,1251970802,-3.08,-2.89,-2.98
2761,2194,1251970807,-3.08,-2.89,-2.99
2761,2193,1251970813,-3.09,-2.90,-2.99
2761,2192,1251970818,-3.09,-2.90,-2.99
2761,2191,1251970824,-3.10,-2.90,-3.00
2761,2190,1251970829,-3.10,-2.91,-3.00
2761,2189,1251970835,-3.11,-2.91,-3.01
2761,2188,1251970841,-3.11,-2.92,-3.01
2761,2187,1251970846,-3.12,-2.92,-3.02
2761,2186,1251970852,-3.12,-2.92,-3.02
2761,2185,1251970857,-3.13,-2.93,-3.02
2761,2184,1251970863,-3.13,-2.93,-3.03
2761,2183,1251970868,-3.13,-2.94,-3.03
2761,2182,1251970874,-3.14,-2.94,-3.03
2761,2181,1251970879,-3.14,-2.94,-3.04
2761,2180,1251970885,-3.15,-2.95,-3.04
2761,2179,1251970890,-3.15,-2.95,-3.05
2761,2178,1251970896,-3.16,-2.96,-3.05
2761,2177,1251970902,-3.16,-2.96,-3.05
2761,2176,1251970907,-3.17,-2.97,-3.06
2761,2175,1251970913,-3.17,-2.97,-3.06
2761,2174,1251970918,-3.17,-2.98,-3.06
2761,2173,1251970924,-3.18,-2.98,-3.07
2761,2172,1251970929,-3.18,-2.98,-3.07
2761,2171,1251970935,-3.18,-2.99,-3.07
2761,2170,1251970940,-3.19,-2.99,-3.08
2761,2169,1251970946,-3.19,-3.00,-3.08
2761,2168,1251970952,-3.19,-3.00,-3.08
2761,2167,1251970957,-3.20,-3.00,-3.09
2761,2166,1251970963,-3.20,-3.01,-3.09
2761,2165,1251970968,-3.20,-3.01,-3.09
2761,2164,1251970974,-3.21,-3.01,-3.10
2761,2163,1251970980,-3.21,-3.02,-3.10
2761,2162,1251970985,-3.21,-3.02,-3.10
2761,2161,1251970991,-3.21,-3.03,-3.11
2761,2160,1251970996,-3.22,-3.03,-3.11
2761,2159,1251971002,-3.22,-3.03,-3.11
2761,2158,1251971007,-3.22,-3.04,-3.12
2761,2157,1251971013,-3.22,-3.04,-3.12
2761,2156,1251971018,-3.22,-3.04,-3.12
2761,2155,1251971024,-3.23,-3.04,-3.12
2761,2154,1251971030,-3.23,-3.05,-3.13
2761,2153,1251971035,-3.23,-3.05,-3.13
2761,2152,1251971041,-3.23,-3.05,-3.13
2761,2151,1251971046,-3.24,-3.06,-3.14
2761,2150,1251971052,-3.24,-3.06,-3.14
2761,2149,1251971057,-3.24,-3.07,-3.14
2761,2148,1251971063,-3.24,-3.07,-3.14
2761,2147,1251971068,-3.25,-3.07,-3.15
2761,2146,1251971074,-3.25,-3.08,-3.15
2761,2145,1251971080,-3.25,-3.08,-3.15
2761,2144,1251971085,-3.25,-3.08,-3.15
2761,2143,1251971091,-3.25,-3.08,-3.15
2761,2142,1251971096,-3.25,-3.09,-3.16
2761,2141,1251971102,-3.26,-3.09,-3.16
2761,2140,1251971107,-3.26,-3.09,-3.16
2761,2139,1251971113,-3.26,-3.10,-3.16
2761,2138,1251971118,-3.26,-3.10,-3.17
2761,2137,1251971124,-3.26,-3.10,-3.17
2761,2136,1251971130,-3.26,-3.10,-3.17
2761,2135,1251971135,-3.26,-3.11,-3.17
2761,2134,1251971141,-3.26,-3.11,-3.17
2761,2133,1251971146,-3.26,-3.11,-3.17
2761,2132,1251971152,-3.26,-3.11,-3.18
2761,2131,1251971158,-3.26,-3.12,-3.18
2761,2130,1251971163,-3.26,-3.12,-3.18
2761,2129,1251971169,-3.26,-3.12,-3.18
2761,2128,1251971174,-3.26,-3.12,-3.18
2761,2127,1251971180,-3.27,-3.12,-3.18
2761,2126,1251971186,-3.27,-3.13,-3.18
2761,2125,1251971191,-3.27,-3.13,-3.19
2761,2124,1251971197,-3.27,-3.13,-3.19
2761,2123,1251971202,-3.27,-3.13,-3.19
2761,2122,1251971208,-3.27,-3.14,-3.19
2761,2121,1251971214,-3.27,-3.14,-3.19
2761,2120,1251971219,-3.27,-3.14,-3.19
2761,2119,1251971225,-3.27,-3.14,-3.19
2761,2118,1251971231,-3.27,-3.14,-3.19
2761,2117,1251971236,-3.27,-3.15,-3.19
2761,2116,1251971242,-3.27,-3.15,-3.20
2761,2115,1251971248,-3.27,-3.15,-3.20
2761,2114,1251971253,-3.27,-3.15,-3.20
2761,2113,1251971259,-3.27,-3.15,-3.20
2761,2112,1251971265,-3.27,-3.15,-3.20
2761,2111,1251971270,-3.27,-3.15,-3.20
2761,2110,1251971276,-3.27,-3.15,-3.20
2761,2109,1251971281,-3.27,-3.15,-3.20
2761,2108,1251971287,-3.27,-3.15,-3.20
2761,2107,1251971293,-3.27,-3.15,-3.20
2761,2106,1251971298,-3.27,-3.16,-3.20
2761,2105,1251971304,-3.27,-3.16,-3.20
2761,2104,1251971309,-3.27,-3.16,-3.20
2761,2103,1251971315,-3.28,-3.16,-3.21
2761,2102,1251971321,-3.28,-3.16,-3.21
2761,2101,1251971326,-3.28,-3.16,-3.21
2761,2100,1251971332,-3.28,-3.17,-3.21
2761,2099,1251971337,-3.28,-3.17,-3.21
2761,2098,1251971343,-3.28,-3.17,-3.21
2761,2097,1251971348,-3.28,-3.17,-3.21
2761,2096,1251971354,-3.28,-3.17,-3.22
2761,2095,1251971359,-3.28,-3.18,-3.22
2761,2094,1251971365,-3.29,-3.18,-3.22
2761,2093,1251971371,-3.29,-3.18,-3.22
2761,2092,1251971376,-3.29,-3.18,-3.23
2761,2091,1251971382,-3.29,-3.19,-3.23
2761,2090,1251971387,-3.29,-3.19,-3.23
2761,2089,1251971393,-3.29,-3.19,-3.23
2761,2088,1251971399,-3.29,-3.19,-3.23
2761,2087,1251971404,-3.29,-3.20,-3.24
2761,2086,1251971410,-3.30,-3.20,-3.24
2761,2085,1251971415,-3.30,-3.20,-3.24
2761,2084,1251971421,-3.30,-3.20,-3.24
2761,2083,1251971426,-3.30,-3.21,-3.25
2761,2082,1251971432,-3.30,-3.21,-3.25
2761,2081,1251971437,-3.31,-3.21,-3.25
2761,2080,1251971443,-3.31,-3.21,-3.26
2761,2079,1251971449,-3.31,-3.22,-3.26
2761,2078,1251971454,-3.32,-3.22,-3.26
2761,2077,1251971460,-3.32,-3.23,-3.27
2761,2076,1251971465,-3.32,-3.23,-3.27
2761,2075,1251971471,-3.32,-3.23,-3.27
2761,2074,1251971476,-3.33,-3.24,-3.28
2761,2073,1251971482,-3.33,-3.24,-3.28
2761,2072,1251971488,-3.33,-3.24,-3.28
2761,2071,1251971493,-3.33,-3.25,-3.29
2761,2070,1251971499,-3.34,-3.25,-3.29
2761,2069,1251971504,-3.34,-3.26,-3.30
2761,2068,1251971510,-3.34,-3.26,-3.30
2761,2067,1251971516,-3.35,-3.27,-3.30
2761,2066,1251971521,-3.35,-3.27,-3.31
2761,2065,1251971527,-3.36,-3.28,-3.31
2761,2064,1251971532,-3.36,-3.28,-3.32
2761,2063,1251971538,-3.36,-3.28,-3.32
2761,2062,1251971544,-3.37,-3.29,-3.33
2761,2061,1251971549,-3.37,-3.29,-3.33
2761,2060,1251971555,-3.38,-3.30,-3.34
2761,2059,1251971560,-3.38,-3.30,-3.34
2761,2058,1251971566,-3.38,-3.30,-3.34
2761,2057,1251971571,-3.39,-3.31,-3.35
2761,2056,1251971577,-3.39,-3.31,-3.35
2761,2055,1251971583,-3.40,-3.31,-3.36
2761,2054,1251971588,-3.40,-3.32,-3.36
2761,2053,1251971594,-3.41,-3.32,-3.37
2761,2052,1251971600,-3.41,-3.32,-3.37
2761,2051,1251971605,-3.42,-3.33,-3.38
2761,2050,1251971611,-3.42,-3.33,-3.38
2761,2049,1251971616,-3.43,-3.33,-3.39
2761,2048,1251971622,-3.43,-3.34,-3.39
2761,2047,1251971628,-3.43,-3.34,-3.40
2761,2046,1251971633,-3.44,-3.35,-3.40
2761,2045,1251971639,-3.44,-3.35,-3.40
2761,2044,1251971644,-3.44,-3.35,-3.41
2761,2043,1251971650,-3.45,-3.36,-3.41
2761,2042,1251971656,-3.45,-3.36,-3.42
2761,2041,1251971661,-3.45,-3.36,-3.42
2761,2040,1251971667,-3.46,-3.37,-3.42
2761,2039,1251971672,-3.46,-3.37,-3.43
2761,2038,1251971678,-3.47,-3.37,-3.43
2761,2037,1251971683,-3.47,-3.38,-3.44
2761,2036,1251971689,-3.48,-3.38,-3.44
2761,2035,1251971695,-3.48,-3.38,-3.45
2761,2034,1251971700,-3.49,-3.39,-3.45
2761,2033,1251971706,-3.49,-3.39,-3.45
2761,2032,1251971711,-3.50,-3.39,-3.46
2761,2031,1251971717,-3.50,-3.40,-3.46
2761,2030,1251971723,-3.50,-3.40,-3.47
2761,2029,1251971728,-3.51,-3.40,-3.47
2761,2028,1251971734,-3.51,-3.41,-3.47
2761,2027,1251971739,-3.52,-3.41,-3.48
2761,2026,1251971745,-3.52,-3.41,-3.48
2761,2025,1251971751,-3.53,-3.42,-3.49
2761,2024,1251971756,-3.53,-3.42,-3.49
2761,2023,1251971762,-3.53,-3.42,-3.49
2761,2022,1251971767,-3.54,-3.43,-3.50
2761,2021,1251971773,-3.54,-3.43,-3.50
2761,2020,1251971779,-3.55,-3.43,-3.50
2761,2019,1251971784,-3.55,-3.44,-3.51
2761,2018,1251971790,-3.56,-3.44,-3.51
2761,2017,1251971795,-3.56,-3.44,-3.52
2761,2016,1251971801,-3.57,-3.45,-3.52
2761,2015,1251971807,-3.57,-3.45,-3.53
2761,2014,1251971812,-3.58,-3.46,-3.53
2761,2013,1251971818,-3.58,-3.46,-3.54
2761,2012,1251971823,-3.59,-3.47,-3.54
2761,2011,1251971829,-3.59,-3.47,-3.55
2761,2010,1251971835,-3.60,-3.47,-3.55
2761,2009,1251971840,-3.60,-3.48,-3.55
2761,2008,1251971846,-3.61,-3.48,-3.56
2761,2007,1251971852,-3.61,-3.49,-3.56
2761,2006,1251971857,-3.62,-3.49,-3.57
2761,2005,1251971863,-3.62,-3.49,-3.57
2761,2004,1251971868,-3.63,-3.50,-3.58
2761,2003,1251971874,-3.63,-3.50,-3.58
2761,2002,1251971880,-3.64,-3.51,-3.58
2761,2001,1251971885,-3.64,-3.51,-3.59
2761,2000,1251971891,-3.65,-3.51,-3.59
2761,1999,1251971897,-3.65,-3.52,-3.60
2761,1998,1251971902,-3.65,-3.52,-3.60
2761,1997,1251971908,-3.66,-3.52,-3.60
2761,1996,1251971914,-3.66,-3.53,-3.61
2761,1995,1251971919,-3.66,-3.53,-3.61
2761,1994,1251971925,-3.67,-3.54,-3.61
2761,1993,1251971930,-3.67,-3.54,-3.62
2761,1992,1251971936,-3.68,-3.54,-3.62
2761,1991,1251971941,-3.68,-3.55,-3.62
2761,1990,1251971947,-3.68,-3.55,-3.63
2761,1989,1251971953,-3.69,-3.55,-3.63
2761,1988,1251971958,-3.69,-3.55,-3.63
2761,1987,1251971964,-3.69,-3.56,-3.63
2761,1986,1251971969,-3.70,-3.56,-3.64
2761,1985,1251971975,-3.70,-3.56,-3.64
2761,1984,1251971981,-3.70,-3.57,-3.64
2761,1983,1251971986,-3.70,-3.57,-3.64
2761,1982,1251971992,-3.71,-3.57,-3.65
2761,1981,1251971997,-3.71,-3.57,-3.65
2761,1980,1251972003,-3.71,-3.58,-3.65
2761,1979,1251972008,-3.72,-3.58,-3.66
2761,1972,1251972048,-3.74,-3.60,-3.67
2761,1971,1251972053,-3.74,-3.60,-3.68
2761,1970,1251972059,-3.75,-3.60,-3.68
2761,1969,1251972064,-3.75,-3.61,-3.68
2761,1968,1251972070,-3.75,-3.61,-3.69
2761,1967,1251972076,-3.76,-3.61,-3.69
2761,1966,1251972081,-3.76,-3.61,-3.69
2761,1965,1251972087,-3.77,-3.62,-3.69
2761,1964,1251972092,-3.77,-3.62,-3.69
2761,1963,1251972098,-3.77,-3.62,-3.70
2761,1962,1251972103,-3.78,-3.62,-3.70
2761,1961,1251972109,-3.78,-3.63,-3.70
2761,1960,1251972115,-3.78,-3.63,-3.70
2761,1959,1251972120,-3.79,-3.63,-3.71
2761,1958,1251972126,-3.79,-3.64,-3.71
2761,1957,1251972131,-3.79,-3.64,-3.71
2761,1956,1251972137,-3.80,-3.64,-3.71
2761,1955,1251972143,-3.80,-3.65,-3.72
2761,1954,1251972148,-3.81,-3.65,-3.72
2761,1953,1251972154,-3.81,-3.65,-3.72
2761,1952,1251972159,-3.81,-3.66,-3.73
2761,1951,1251972165,-3.82,-3.66,-3.73
2761,1950,1251972170,-3.82,-3.66,-3.73
2761,1949,1251972176,-3.83,-3.67,-3.74
2761,1948,1251972182,-3.83,-3.67,-3.74
2761,1947,1251972187,-3.83,-3.67,-3.74
2761,1946,1251972193,-3.83,-3.67,-3.74
2761,1945,1251972198,-3.84,-3.68,-3.75
2761,1944,1251972204,-3.84,-3.68,-3.75
2761,1943,1251972209,-3.84,-3.69,-3.75
2761,1942,1251972215,-3.85,-3.69,-3.76
2761,1941,1251972221,-3.85,-3.69,-3.76
2761,1940,1251972226,-3.86,-3.70,-3.76
2761,1939,1251972232,-3.86,-3.70,-3.77
2761,1938,1251972237,-3.86,-3.70,-3.77
2761,1937,1251972243,-3.87,-3.71,-3.77
2761,1936,1251972248,-3.87,-3.71,-3.77
2761,1935,1251972254,-3.87,-3.71,-3.78
2761,1934,1251972260,-3.88,-3.72,-3.78
2761,1933,1251972265,-3.88,-3.72,-3.78
2761,1932,1251972271,-3.88,-3.72,-3.79
2761,1931,1251972276,-3.89,-3.73,-3.79
2761,1930,1251972282,-3.89,-3.73,-3.79
2761,1929,1251972287,-3.89,-3.73,-3.79
2761,1928,1251972293,-3.90,-3.73,-3.80
2761,1927,1251972298,-3.90,-3.74,-3.80
2761,1926,1251972304,-3.91,-3.74,-3.80
2761,1925,1251972310,-3.91,-3.74,-3.81
2761,1924,1251972315,-3.91,-3.75,-3.81
2761,1923,1251972321,-3.92,-3.75,-3.81
2761,1922,1251972326,-3.92,-3.75,-3.81
2761,1921,1251972332,-3.92,-3.75,-3.82
2761,1920,1251972337,-3.93,-3.76,-3.82
2761,1919,1251972343,-3.93,-3.76,-3.82
2761,1918,1251972349,-3.93,-3.76,-3.82
2761,1917,1251972354,-3.94,-3.76,-3.83
2761,1916,1251972360,-3.94,-3.77,-3.83
2761,1915,1251972365,-3.94,-3.77,-3.83
2761,1914,1251972371,-3.94,-3.77,-3.83
2761,1913,1251972376,-3.95,-3.77,-3.84
2761,1912,1251972382,-3.95,-3.77,-3.84
2761,1911,1251972387,-3.95,-3.77,-3.84
2761,1910,1251972393,-3.96,-3.78,-3.84
2761,1909,1251972399,-3.96,-3.78,-3.84
2761,1818,1251972903,-3.93,-3.64,-3.75
2761,1817,1251972909,-3.93,-3.64,-3.74
2761,1816,1251972915,-3.93,-3.64,-3.74
2761,1815,1251972920,-3.92,-3.63,-3.74
2761,1814,1251972926,-3.92,-3.63,-3.74
2761,1813,1251972931,-3.92,-3.63,-3.73
2761,1812,1251972937,-3.91,-3.62,-3.73
2761,1811,1251972942,-3.91,-3.62,-3.73
2761,1810,1251972948,-3.90,-3.62,-3.72
2761,1809,1251972953,-3.90,-3.61,-3.72
2761,1808,1251972959,-3.90,-3.61,-3.72
2761,1807,1251972964,-3.89,-3.61,-3.71
2761,1806,1251972970,-3.89,-3.61,-3.71
2761,1805,1251972975,-3.89,-3.60,-3.71
2761,1804,1251972981,-3.88,-3.60,-3.71
2761,1803,1251972987,-3.88,-3.60,-3.70
2761,1802,1251972992,-3.88,-3.59,-3.70
2761,1801,1251972998,-3.87,-3.59,-3.70
2761,1800,1251973003,-3.87,-3.59,-3.69
2761,1799,1251973009,-3.87,-3.59,-3.69
2761,1798,1251973014,-3.86,-3.59,-3.69
2761,1797,1251973020,-3.86,-3.59,-3.69
2761,1796,1251973025,-3.85,-3.58,-3.68
2761,1795,1251973031,-3.85,-3.58,-3.68
2761,1794,1251973036,-3.85,-3.58,-3.68
2761,1793,1251973042,-3.84,-3.58,-3.67
2761,1792,1251973047,-3.84,-3.57,-3.67
2761,1791,1251973053,-3.84,-3.57,-3.67
2761,1790,1251973058,-3.83,-3.57,-3.66
2761,1789,1251973064,-3.83,-3.57,-3.66
2761,1788,1251973070,-3.83,-3.56,-3.66
2761,1787,1251973075,-3.82,-3.56,-3.65
2761,1786,1251973081,-3.82,-3.56,-3.65
2761,1785,1251973086,-3.81,-3.56,-3.65
2761,1784,1251973092,-3.81,-3.55,-3.64
2761,1783,1251973097,-3.80,-3.55,-3.64
2761,1782,1251973103,-3.80,-3.55,-3.63
2761,1781,1251973108,-3.79,-3.55,-3.63
2761,1780,1251973114,-3.79,-3.54,-3.63
2761,1779,1251973119,-3.78,-3.54,-3.62
2761,1778,1251973125,-3.78,-3.54,-3.62
2761,1777,1251973130,-3.78,-3.53,-3.61
2761,1776,1251973136,-3.77,-3.53,-3.61
2761,1775,1251973141,-3.77,-3.53,-3.61
2761,1774,1251973147,-3.77,-3.52,-3.60
2761,1773,1251973152,-3.76,-3.52,-3.60
2761,1772,1251973158,-3.76,-3.52,-3.60
2761,1771,1251973164,-3.75,-3.51,-3.59
2761,1770,1251973169,-3.75,-3.51,-3.59
2761,1769,1251973175,-3.75,-3.51,-3.58
2761,1768,1251973180,-3.74,-3.50,-3.58
2761,1767,1251973186,-3.74,-3.50,-3.58
2761,1766,1251973191,-3.73,-3.50,-3.57
2761,1765,1251973197,-3.73,-3.49,-3.57
2761,1764,1251973202,-3.72,-3.49,-3.56
2761,1763,1251973208,-3.72,-3.49,-3.56
2761,1762,1251973213,-3.71,-3.48,-3.56
2761,1761,1251973219,-3.71,-3.48,-3.55
2761,1760,1251973224,-3.70,-3.48,-3.55
2761,1759,1251973230,-3.69,-3.47,-3.54
2761,1758,1251973235,-3.69,-3.47,-3.54
2761,1757,1251973241,-3.68,-3.47,-3.54
2761,1756,1251973246,-3.68,-3.46,-3.53
2761,1755,1251973252,-3.67,-3.46,-3.53
2761,1754,1251973258,-3.67,-3.46,-3.52
2761,1753,1251973263,-3.66,-3.45,-3.52
2761,1752,1251973269,-3.66,-3.45,-3.52
2761,1751,1251973274,-3.65,-3.44,-3.51
2761,1750,1251973280,-3.65,-3.44,-3.51
2761,1749,1251973285,-3.64,-3.44,-3.51
2761,1748,1251973291,-3.64,-3.43,-3.50
2761,1664,1251973756,-3.47,-3.20,-3.33
2761,1663,1251973762,-3.46,-3.19,-3.32
2761,1662,1251973767,-3.46,-3.19,-3.32
2761,1661,1251973773,-3.47,-3.19,-3.32
2761,1660,1251973778,-3.47,-3.19,-3.32
2761,1659,1251973784,-3.47,-3.19,-3.32
2761,1658,1251973789,-3.47,-3.18,-3.32
2761,1657,1251973795,-3.47,-3.18,-3.31
2761,1656,1251973801,-3.47,-3.18,-3.31
2761,1655,1251973806,-3.47,-3.18,-3.31
2761,1654,1251973812,-3.47,-3.18,-3.31
2761,1653,1251973817,-3.47,-3.17,-3.31
2761,1652,1251973823,-3.46,-3.17,-3.31
2761,1651,1251973828,-3.46,-3.17,-3.31
2761,1650,1251973834,-3.46,-3.17,-3.30
2761,1649,1251973839,-3.46,-3.17,-3.30
2761,1648,1251973845,-3.46,-3.16,-3.30
2761,1647,1251973850,-3.46,-3.16,-3.30
2761,1646,1251973856,-3.46,-3.16,-3.30
2761,1645,1251973861,-3.46,-3.16,-3.30
2761,1644,1251973867,-3.46,-3.16,-3.30
2761,1643,1251973872,-3.46,-3.15,-3.30
2761,1642,1251973878,-3.46,-3.15,-3.30
2761,1641,1251973883,-3.46,-3.15,-3.30
2761,1640,1251973889,-3.46,-3.15,-3.29
2761,1639,1251973894,-3.46,-3.14,-3.29
2761,1638,1251973900,-3.46,-3.14,-3.29
2761,1637,1251973905,-3.46,-3.14,-3.29
2761,1636,1251973911,-3.46,-3.14,-3.29
2761,1635,1251973916,-3.46,-3.14,-3.29
2761,1634,1251973922,-3.46,-3.14,-3.29
2761,1633,1251973927,-3.46,-3.14,-3.29
2761,1632,1251973933,-3.46,-3.14,-3.29
2761,1631,1251973939,-3.46,-3.14,-3.29
2761,1630,1251973944,-3.46,-3.13,-3.29
2761,1629,1251973950,-3.47,-3.13,-3.29
2761,1628,1251973955,-3.47,-3.13,-3.29
2761,1627,1251973961,-3.47,-3.13,-3.29
2761,1626,1251973966,-3.47,-3.13,-3.29
2761,1625,1251973972,-3.47,-3.13,-3.29
2761,1624,1251973977,-3.47,-3.13,-3.29
2761,1623,1251973983,-3.47,-3.13,-3.29
2761,1622,1251973988,-3.47,-3.13,-3.29
2761,1621,1251973994,-3.46,-3.12,-3.29
2761,1620,1251973999,-3.46,-3.12,-3.29
2761,1619,1251974005,-3.46,-3.12,-3.29
2761,1618,1251974010,-3.46,-3.12,-3.28
2761,1617,1251974016,-3.46,-3.12,-3.28
2761,1510,1251974610,-3.29,-2.84,-3.05
2761,1509,1251974615,-3.29,-2.83,-3.05
2761,1508,1251974621,-3.29,-2.83,-3.04
2761,1507,1251974626,-3.29,-2.83,-3.04
2761,1506,1251974632,-3.28,-2.82,-3.04
2761,1505,1251974637,-3.28,-2.82,-3.04
2761,1504,1251974643,-3.28,-2.82,-3.03
2761,1503,1251974648,-3.28,-2.81,-3.03
2761,1502,1251974654,-3.28,-2.81,-3.03
2761,1501,1251974659,-3.28,-2.81,-3.02
2761,1500,1251974664,-3.28,-2.80,-3.02
2761,1499,1251974670,-3.27,-2.80,-3.02
2761,1498,1251974676,-3.27,-2.80,-3.02
2761,1497,1251974681,-3.27,-2.79,-3.01
2761,1496,1251974687,-3.27,-2.79,-3.01
2761,1495,1251974692,-3.27,-2.78,-3.01
2761,1494,1251974698,-3.27,-2.78,-3.00
2761,1493,1251974703,-3.26,-2.78,-3.00
2761,1492,1251974709,-3.26,-2.77,-3.00
2761,1491,1251974714,-3.26,-2.77,-2.99
2761,1490,1251974719,-3.26,-2.77,-2.99
2761,1489,1251974725,-3.26,-2.76,-2.99
2761,1488,1251974731,-3.26,-2.76,-2.98
2761,1487,1251974736,-3.26,-2.76,-2.98
2761,1486,1251974742,-3.26,-2.75,-2.98
2761,1485,1251974747,-3.25,-2.75,-2.98
2761,1484,1251974753,-3.25,-2.75,-2.97
2761,1483,1251974758,-3.25,-2.74,-2.97
2761,1482,1251974764,-3.25,-2.74,-2.97
2761,1481,1251974769,-3.25,-2.74,-2.96
2761,1480,1251974775,-3.25,-2.73,-2.96
2761,1479,1251974780,-3.25,-2.73,-2.96
2761,1478,1251974786,-3.24,-2.73,-2.96
2761,1477,1251974791,-3.24,-2.72,-2.95
2761,1476,1251974797,-3.24,-2.72,-2.95
2761,1475,1251974802,-3.24,-2.72,-2.95
2761,1474,1251974808,-3.24,-2.71,-2.95
2761,1473,1251974813,-3.24,-2.71,-2.94
2761,1472,1251974819,-3.24,-2.71,-2.94
2761,1471,1251974825,-3.23,-2.70,-2.94
2761,1470,1251974830,-3.23,-2.70,-2.94
2761,1469,1251974836,-3.23,-2.70,-2.93
2761,1468,1251974841,-3.23,-2.69,-2.93
2761,1467,1251974847,-3.22,-2.69,-2.93
2761,1466,1251974852,-3.22,-2.69,-2.93
2761,1465,1251974858,-3.22,-2.69,-2.92
2761,1464,1251974863,-3.22,-2.69,-2.92
2761,1463,1251974869,-3.21,-2.68,-2.92
2761,1462,1251974875,-3.21,-2.68,-2.92
2761,1461,1251974880,-3.21,-2.68,-2.91
2761,1460,1251974886,-3.21,-2.68,-2.91
2761,1459,1251974891,-3.20,-2.68,-2.91
2761,1458,1251974897,-3.20,-2.67,-2.91
2761,1457,1251974902,-3.20,-2.67,-2.90
2761,1456,1251974908,-3.20,-2.67,-2.90
2761,1455,1251974913,-3.19,-2.67,-2.90
2761,1454,1251974919,-3.19,-2.67,-2.90
2761,1453,1251974924,-3.19,-2.66,-2.89
2761,1452,1251974930,-3.18,-2.66,-2.89
2761,1451,1251974936,-3.18,-2.66,-2.89
2761,1450,1251974941,-3.18,-2.66,-2.89
2761,1449,1251974946,-3.17,-2.66,-2.88
2761,1448,1251974952,-3.17,-2.66,-2.88
2761,1447,1251974958,-3.17,-2.66,-2.88
2761,1446,1251974963,-3.17,-2.66,-2.88
2761,1445,1251974969,-3.16,-2.65,-2.88
2761,1444,1251974974,-3.16,-2.65,-2.87
2761,1443,1251974980,-3.16,-2.65,-2.87
2761,1442,1251974985,-3.15,-2.65,-2.87
2761,1441,1251974991,-3.15,-2.65,-2.87
2761,1440,1251974996,-3.15,-2.65,-2.86
2761,1439,1251975002,-3.15,-2.65,-2.86
2761,1438,1251975007,-3.14,-2.64,-2.86
2761,1437,1251975013,-3.14,-2.64,-2.86
2761,1436,1251975018,-3.14,-2.64,-2.85
2761,1435,1251975024,-3.14,-2.64,-2.85
2761,1434,1251975029,-3.13,-2.64,-2.85
2761,1433,1251975035,-3.13,-2.64,-2.85
2761,1432,1251975041,-3.13,-2.64,-2.85
2761,1431,1251975046,-3.13,-2.64,-2.84
2761,1430,1251975052,-3.12,-2.63,-2.84
2761,1429,1251975057,-3.12,-2.63,-2.84
2761,1428,1251975063,-3.12,-2.63,-2.84
2761,1427,1251975068,-3.11,-2.63,-2.84
2761,1426,1251975074,-3.11,-2.63,-2.83
2761,1425,1251975079,-3.11,-2.63,-2.83
2761,1424,1251975085,-3.10,-2.63,-2.83
2761,1423,1251975090,-3.10,-2.63,-2.83
2761,1422,1251975096,-3.10,-2.63,-2.82
2761,1421,1251975101,-3.10,-2.62,-2.82
2761,1420,1251975107,-3.09,-2.62,-2.82
2761,1419,1251975113,-3.09,-2.62,-2.82
2761,1418,1251975118,-3.09,-2.62,-2.82
2761,1417,1251975124,-3.09,-2.62,-2.81
2761,1416,1251975129,-3.08,-2.61,-2.81
2761,1415,1251975135,-3.08,-2.61,-2.81
2761,1414,1251975140,-3.08,-2.61,-2.81
2761,1413,1251975146,-3.07,-2.60,-2.80
2761,1412,1251975152,-3.07,-2.60,-2.80
2761,1411,1251975157,-3.06,-2.60,-2.80
2761,1410,1251975163,-3.06,-2.60,-2.80
2761,1409,1251975168,-3.06,-2.60,-2.79
2761,1408,1251975174,-3.05,-2.59,-2.79
2761,1407,1251975179,-3.05,-2.59,-2.79
2761,1406,1251975185,-3.04,-2.59,-2.79
2761,1405,1251975190,-3.04,-2.59,-2.78
2761,1404,1251975196,-3.04,-2.59,-2.78
2761,1403,1251975202,-3.03,-2.59,-2.78
2761,1402,1251975207,-3.03,-2.58,-2.77
2761,1401,1251975213,-3.02,-2.58,-2.77
2761,1400,1251975218,-3.02,-2.58,-2.77
2761,1399,1251975224,-3.01,-2.58,-2.76
2761,1398,1251975229,-3.01,-2.57,-2.76
2761,1397,1251975235,-3.00,-2.57,-2.76
2761,1396,1251975241,-3.00,-2.57,-2.75
2761,1395,1251975246,-2.99,-2.57,-2.75
2761,1394,1251975251,-2.98,-2.57,-2.74
2761,1393,1251975257,-2.98,-2.56,-2.74
2761,1392,1251975263,-2.97,-2.56,-2.74
2761,1391,1251975268,-2.97,-2.56,-2.73
2761,1390,1251975274,-2.96,-2.56,-2.73
2761,1389,1251975279,-2.95,-2.55,-2.73
2761,1388,1251975285,-2.94,-2.55,-2.72
2761,1387,1251975290,-2.94,-2.55,-2.72
2761,1386,1251975296,-2.93,-2.55,-2.71
2761,1385,1251975301,-2.92,-2.54,-2.71
2761,1384,1251975307,-2.92,-2.54,-2.71
2761,1383,1251975312,-2.91,-2.54,-2.70
2761,1382,1251975318,-2.90,-2.54,-2.70
2761,1381,1251975324,-2.90,-2.53,-2.69
2761,1380,1251975329,-2.90,-2.53,-2.69
2761,1379,1251975335,-2.89,-2.53,-2.68
2761,1378,1251975340,-2.89,-2.53,-2.68
2761,1377,1251975346,-2.89,-2.52,-2.67
2761,1376,1251975351,-2.88,-2.52,-2.67
2761,1375,1251975357,-2.88,-2.52,-2.67
2761,1374,1251975362,-2.87,-2.52,-2.66
2761,1373,1251975368,-2.87,-2.52,-2.66
2761,1372,1251975373,-2.87,-2.51,-2.65
2761,1371,1251975379,-2.86,-2.51,-2.65
2761,1356,1251975461,-2.78,-2.46,-2.58
2761,1355,1251975466,-2.77,-2.46,-2.57
2761,1354,1251975472,-2.76,-2.46,-2.57
2761,1353,1251975477,-2.76,-2.45,-2.56
2761,1352,1251975483,-2.75,-2.45,-2.56
2761,1351,1251975488,-2.74,-2.44,-2.55
2761,1350,1251975494,-2.73,-2.44,-2.55
2761,1349,1251975499,-2.73,-2.44,-2.54
2761,1348,1251975505,-2.72,-2.44,-2.54
2761,1347,1251975510,-2.71,-2.43,-2.53
2761,1346,1251975516,-2.71,-2.43,-2.53
2761,1345,1251975521,-2.70,-2.43,-2.52
2761,1344,1251975527,-2.69,-2.42,-2.52
2761,1343,1251975532,-2.69,-2.42,-2.51
2761,1342,1251975538,-2.68,-2.42,-2.51
2761,1341,1251975543,-2.67,-2.42,-2.50
2761,1340,1251975549,-2.66,-2.41,-2.50
2761,1339,1251975554,-2.66,-2.41,-2.49
2761,1338,1251975560,-2.65,-2.40,-2.49
2761,1337,1251975565,-2.64,-2.40,-2.48
2761,1336,1251975571,-2.63,-2.39,-2.48
2761,1335,1251975576,-2.63,-2.39,-2.48
2761,1334,1251975582,-2.62,-2.38,-2.47
2761,1333,1251975587,-2.61,-2.37,-2.47
2761,1332,1251975593,-2.60,-2.37,-2.46
2761,1331,1251975598,-2.60,-2.36,-2.45
2761,1330,1251975604,-2.59,-2.36,-2.45
2761,1329,1251975609,-2.58,-2.35,-2.45
2761,1328,1251975615,-2.58,-2.35,-2.44
2761,1327,1251975620,-2.57,-2.34,-2.44
2761,1326,1251975626,-2.56,-2.34,-2.43
2761,1325,1251975631,-2.55,-2.33,-2.43
2761,1324,1251975637,-2.55,-2.32,-2.42
2761,1323,1251975642,-2.54,-2.32,-2.42
2761,1322,1251975648,-2.53,-2.31,-2.41
2761,1321,1251975653,-2.52,-2.31,-2.41
2761,1320,1251975659,-2.52,-2.30,-2.40
2761,1319,1251975664,-2.51,-2.30,-2.40
2761,1318,1251975670,-2.50,-2.29,-2.40
2761,1317,1251975675,-2.50,-2.29,-2.39
2761,1316,1251975681,-2.49,-2.29,-2.39
2761,1315,1251975686,-2.48,-2.28,-2.38
2761,1314,1251975692,-2.48,-2.28,-2.38
2761,1313,1251975697,-2.47,-2.27,-2.37
2761,1312,1251975703,-2.46,-2.27,-2.37
2761,1311,1251975708,-2.46,-2.26,-2.36
2761,1310,1251975714,-2.45,-2.26,-2.36
2761,1309,1251975719,-2.44,-2.25,-2.35
2761,1308,1251975725,-2.43,-2.25,-2.35
2761,1202,1251976308,-2.08,-2.02,-2.03
2761,1201,1251976314,-2.08,-2.01,-2.03
2761,1200,1251976319,-2.08,-2.01,-2.03
2761,1199,1251976325,-2.08,-2.01,-2.03
2761,1198,1251976330,-2.08,-2.01,-2.03
2761,1197,1251976336,-2.07,-2.01,-2.03
2761,1196,1251976341,-2.07,-2.01,-2.03
2761,1195,1251976347,-2.07,-2.01,-2.03
2761,1194,1251976352,-2.07,-2.01,-2.03
2761,1193,1251976358,-2.07,-2.01,-2.03
2761,1192,1251976363,-2.07,-2.01,-2.03
2761,1191,1251976369,-2.07,-2.01,-2.03
2761,1190,1251976375,-2.07,-2.01,-2.03
2761,1189,1251976380,-2.07,-2.01,-2.02
2761,1188,1251976386,-2.07,-2.00,-2.02
2761,1187,1251976391,-2.07,-2.00,-2.02
2761,1186,1251976397,-2.07,-2.00,-2.02
2761,1185,1251976402,-2.07,-2.00,-2.02
2761,1184,1251976408,-2.07,-2.00,-2.02
2761,1183,1251976413,-2.07,-2.00,-2.02
2761,1182,1251976419,-2.06,-2.00,-2.02
2761,1181,1251976425,-2.06,-2.00,-2.02
2761,1180,1251976430,-2.06,-2.00,-2.02
2761,1179,1251976436,-2.06,-2.00,-2.02
2761,1178,1251976441,-2.06,-2.00,-2.02
2761,1177,1251976447,-2.06,-2.00,-2.02
2761,1176,1251976453,-2.06,-2.00,-2.02
2761,1175,1251976458,-2.06,-2.00,-2.02
2761,1174,1251976464,-2.06,-2.00,-2.02
2761,1173,1251976469,-2.06,-2.00,-2.02
2761,1172,1251976475,-2.06,-2.00,-2.02
2761,1171,1251976480,-2.06,-2.00,-2.02
2761,1170,1251976486,-2.06,-2.00,-2.02
2761,1169,1251976491,-2.06,-2.00,-2.02
2761,1168,1251976497,-2.06,-2.00,-2.02
2761,1167,1251976502,-2.06,-2.00,-2.02
2761,1166,1251976508,-2.06,-2.00,-2.02
2761,1165,1251976513,-2.06,-2.00,-2.02
2761,1164,1251976519,-2.06,-2.00,-2.02
2761,1163,1251976525,-2.06,-2.00,-2.02
2761,1162,1251976530,-2.06,-2.00,-2.02
2761,1161,1251976536,-2.07,-2.00,-2.02
2761,1160,1251976541,-2.07,-1.99,-2.02
2761,1159,1251976547,-2.07,-1.99,-2.02
2761,1158,1251976552,-2.07,-1.99,-2.02
2761,1157,1251976558,-2.07,-1.99,-2.02
2761,1156,1251976563,-2.07,-1.99,-2.02
2761,1155,1251976569,-2.07,-1.99,-2.02
2761,1154,1251976574,-2.07,-1.99,-2.02
2761,1153,1251976580,-2.07,-1.99,-2.03
2761,1152,1251976585,-2.07,-1.99,-2.03
2761,1151,1251976591,-2.07,-1.99,-2.03
2761,1150,1251976596,-2.07,-1.99,-2.03
